Attendance,Previous qualification (grade),Admission grade,Displaced,Educational special needs,Debtor,Tuition fees up to date,Gender,Scholarship holder,Age at enrollment,International,Curricular units 1st sem (credited),Curricular units 1st sem (enrolled),Curricular units 1st sem (evaluations),Curricular units 1st sem (approved),Curricular units 1st sem (grade),Curricular units 1st sem (without evaluations),Curricular units 2nd sem (credited),Curricular units 2nd sem (enrolled),Curricular units 2nd sem (evaluations),Curricular units 2nd sem (approved),Curricular units 2nd sem (grade),Curricular units 2nd sem (without evaluations),Unemployment rate,Inflation rate,GDP,Target,Student ID,Application preference
Daytime,118.0,122.2,No,No,No,Yes,Female,No,19,No,0,5,11,3,10.666666666666666,0,0,5,9,4,10.25,0,11.1,0.6,2.02,Graduate,0848,6
Daytime,130.0,122.3,Yes,No,Yes,No,Female,No,18,No,0,6,8,6,14.142857142857142,0,0,6,6,5,12.0,0,13.9,-0.3,0.79,Dropout,3928,5
Daytime,180.0,183.5,Yes,No,No,Yes,Female,No,18,Yes,0,7,8,4,12.0,0,0,8,8,0,0.0,0,16.2,0.3,-0.92,Dropout,0525,6
Daytime,127.0,150.0,No,No,No,Yes,Female,Yes,19,No,0,7,9,5,13.85,0,0,8,9,7,12.19285714285714,0,11.1,0.6,2.02,Graduate,0224,6
Daytime,110.0,110.0,No,No,No,Yes,Male,No,35,No,0,6,7,0,0.0,0,0,6,6,0,0.0,0,16.2,0.3,-0.92,Dropout,3199,6
Daytime,129.0,142.0,Yes,No,No,Yes,Female,No,19,No,0,6,8,6,12.666666666666666,0,0,6,7,6,12.714285714285714,0,9.4,-0.8,-3.12,Graduate,2180,4
Daytime,110.0,110.0,Yes,No,No,Yes,Male,No,27,No,7,12,12,9,12.333333333333334,0,6,11,11,6,13.166666666666666,0,9.4,-0.8,-3.12,Dropout,3593,6
Daytime,130.0,146.0,No,No,No,Yes,Male,No,34,No,0,6,8,5,12.6,0,0,6,11,4,11.25,0,12.4,0.5,1.79,Graduate,3689,6
Daytime,140.0,146.5,No,No,No,Yes,Male,No,39,No,0,5,10,3,17.333333333333332,0,0,5,11,1,17.0,0,13.9,-0.3,0.79,Dropout,0700,6
Daytime,120.0,149.0,No,No,No,No,Male,No,36,No,0,6,15,2,11.5,0,0,7,9,0,0.0,0,15.5,2.8,-4.06,Dropout,0792,6
Daytime,133.1,110.0,No,No,No,Yes,Female,No,28,No,0,6,15,4,12.0,0,0,6,14,4,12.0,0,11.1,0.6,2.02,Dropout,4056,6
Daytime,126.0,132.0,Yes,No,No,Yes,Female,Yes,19,No,0,6,6,6,14.166666666666666,0,0,6,8,6,12.375,0,10.8,1.4,1.74,Graduate,2741,5
Daytime,146.0,143.9,No,No,No,Yes,Female,No,18,No,0,5,11,5,11.333333333333334,0,0,5,8,5,12.0,0,13.9,-0.3,0.79,Graduate,2739,5
Daytime,142.0,127.7,No,No,No,Yes,Female,Yes,20,No,0,6,7,6,15.0,0,0,6,6,6,16.333333333333332,0,13.9,-0.3,0.79,Graduate,3164,6
Daytime,120.0,120.0,Yes,No,No,Yes,Female,No,31,No,8,12,12,11,13.818181818181818,0,4,12,16,12,13.461538461538462,0,15.5,2.8,-4.06,Graduate,1966,6
Daytime,120.0,128.2,Yes,No,No,Yes,Male,No,34,No,4,6,8,4,11.25,0,1,5,8,2,10.5,0,7.6,2.6,0.32,Dropout,0981,6
Daytime,132.0,119.4,Yes,No,No,Yes,Male,No,20,No,0,0,0,0,0.0,0,0,0,0,0,0.0,0,10.8,1.4,1.74,Dropout,1453,6
Evening,133.1,154.4,No,No,No,Yes,Male,No,27,No,0,5,0,0,0.0,0,0,5,0,0,0.0,0,10.8,1.4,1.74,Dropout,3583,6
Daytime,137.0,126.0,Yes,No,No,Yes,Female,No,19,No,0,7,9,7,14.283333333333337,0,0,8,9,8,13.125555555555556,0,15.5,2.8,-4.06,Graduate,2153,3
Daytime,119.1,119.1,No,No,No,Yes,Male,No,22,No,0,7,7,6,12.733333333333334,0,0,7,7,6,12.733333333333334,0,7.6,2.6,0.32,Graduate,3873,5
Daytime,128.0,116.5,No,No,No,Yes,Male,No,19,No,0,5,8,2,10.0,0,0,5,8,1,16.0,0,7.6,2.6,0.32,Dropout,0985,6
Daytime,141.0,128.4,Yes,No,Yes,No,Female,No,18,No,0,6,8,5,13.0,0,0,6,8,5,11.4,0,7.6,2.6,0.32,Dropout,0393,1
Daytime,120.0,116.0,No,No,No,Yes,Female,No,44,No,0,6,8,6,13.0,0,0,6,6,6,13.833333333333334,0,12.7,3.7,-1.7,Graduate,0349,6
Daytime,129.0,123.4,No,No,No,Yes,Female,No,19,No,0,5,6,5,12.4,0,0,5,6,5,13.4,0,7.6,2.6,0.32,Graduate,0152,6
Evening,133.1,118.4,No,No,No,No,Female,No,39,No,0,5,5,0,0.0,0,0,5,5,0,0.0,0,7.6,2.6,0.32,Dropout,1548,6
Daytime,126.0,121.1,No,No,Yes,Yes,Female,No,18,No,0,6,6,4,12.75,0,0,5,5,0,0.0,0,12.7,3.7,-1.7,Dropout,0041,2
Daytime,144.0,125.8,No,No,No,Yes,Female,Yes,19,No,0,8,12,7,12.471428571428572,0,0,8,12,7,12.471428571428572,0,12.7,3.7,-1.7,Graduate,2081,6
Daytime,117.0,116.3,Yes,No,No,Yes,Male,Yes,21,No,0,6,6,6,11.666666666666666,0,0,6,7,5,12.2,0,10.8,1.4,1.74,Graduate,4268,6
Daytime,150.0,148.8,No,No,No,Yes,Male,Yes,25,No,0,5,7,4,14.25,0,0,5,7,4,14.75,0,12.7,3.7,-1.7,Graduate,2377,6
Evening,131.0,125.0,No,No,No,Yes,Male,No,24,No,0,6,13,0,0.0,3,0,6,6,0,0.0,0,16.2,0.3,-0.92,Dropout,1489,6
Daytime,133.1,103.5,No,No,No,Yes,Male,No,42,No,0,6,0,0,0.0,0,0,6,0,0,0.0,0,15.5,2.8,-4.06,Dropout,1787,6
Daytime,142.0,133.3,Yes,No,No,Yes,Female,No,19,No,0,0,0,0,0.0,0,0,0,0,0,0.0,0,10.8,1.4,1.74,Graduate,1351,6
Evening,126.0,119.4,No,No,No,Yes,Female,No,19,No,0,6,6,6,12.666666666666666,0,0,6,6,6,11.666666666666666,0,12.7,3.7,-1.7,Graduate,0334,6
Daytime,126.0,123.6,Yes,No,No,Yes,Female,No,21,No,0,5,10,3,11.666666666666666,0,0,5,5,5,13.0,0,10.8,1.4,1.74,Graduate,1622,6
Evening,130.0,120.0,No,No,No,Yes,Female,No,58,No,0,6,14,5,12.4,0,0,6,10,5,11.6,0,9.4,-0.8,-3.12,Graduate,3757,6
Daytime,100.0,100.0,No,No,No,Yes,Female,No,20,No,0,6,8,6,12.5,0,0,6,10,5,14.166666666666666,0,11.1,0.6,2.02,Graduate,1267,6
Daytime,130.0,100.0,No,No,No,No,Male,No,29,No,0,6,9,0,0.0,0,0,6,6,0,0.0,0,13.9,-0.3,0.79,Dropout,3191,6
Daytime,120.0,125.7,No,No,Yes,No,Female,No,43,No,0,6,10,4,12.25,0,0,6,13,4,10.5,0,8.9,1.4,3.51,Dropout,1210,6
Evening,133.1,155.5,Yes,No,Yes,No,Male,No,39,No,0,5,6,5,10.6,0,0,5,7,5,14.666666666666666,0,10.8,1.4,1.74,Dropout,0979,6
Daytime,122.0,130.4,Yes,No,No,Yes,Female,No,18,No,0,6,10,5,11.8,0,0,6,10,5,12.2,0,11.1,0.6,2.02,Graduate,0498,6
Daytime,164.0,163.0,No,No,No,Yes,Female,No,18,No,0,6,0,0,0.0,0,0,6,0,0,0.0,0,7.6,2.6,0.32,Dropout,4051,6
Daytime,124.0,123.7,Yes,No,No,Yes,Female,Yes,18,No,1,6,8,6,12.714285714285714,1,0,6,8,6,12.625,0,13.9,-0.3,0.79,Graduate,1085,5
Daytime,140.0,100.0,No,No,Yes,No,Female,No,29,Yes,3,9,9,3,14.333333333333334,0,1,7,8,1,14.0,0,15.5,2.8,-4.06,Dropout,1767,6
Daytime,150.0,133.5,Yes,No,No,Yes,Male,No,21,No,0,5,10,5,13.0,0,0,5,10,5,12.6,0,9.4,-0.8,-3.12,Graduate,2436,6
Daytime,168.0,153.9,No,No,Yes,No,Male,No,34,No,0,6,7,0,0.0,0,0,6,0,0,0.0,0,12.4,0.5,1.79,Dropout,1295,6
Daytime,126.0,129.9,Yes,No,No,Yes,Male,Yes,20,No,1,7,9,6,12.0,0,2,6,6,6,11.166666666666666,0,10.8,1.4,1.74,Graduate,1454,5
Daytime,133.1,120.0,No,No,No,Yes,Male,No,58,No,0,6,9,0,0.0,0,0,6,6,0,0.0,0,13.9,-0.3,0.79,Dropout,0968,6
Daytime,149.0,130.5,Yes,No,No,Yes,Female,No,28,No,8,11,11,9,11.666666666666666,0,8,11,13,9,12.555555555555555,0,10.8,1.4,1.74,Graduate,3813,6
Daytime,133.1,120.0,Yes,No,No,Yes,Female,No,32,No,0,3,3,2,16.0,0,0,3,3,1,16.0,0,7.6,2.6,0.32,Dropout,4142,6
Evening,140.0,121.0,No,No,No,Yes,Female,No,50,No,0,6,8,6,12.666666666666666,0,0,6,6,6,11.833333333333334,0,10.8,1.4,1.74,Graduate,2863,6
Daytime,119.0,119.0,No,No,Yes,Yes,Male,No,23,No,0,6,6,0,0.0,0,0,6,8,0,0.0,0,15.5,2.8,-4.06,Dropout,2228,6
Daytime,142.0,127.3,No,No,No,Yes,Female,Yes,18,No,0,5,5,5,11.2,0,0,5,5,5,11.8,0,11.1,0.6,2.02,Graduate,0313,5
Daytime,133.1,95.0,No,No,No,Yes,Female,No,20,No,0,5,10,4,11.75,0,0,5,8,5,11.8,0,11.1,0.6,2.02,Graduate,4201,6
Evening,130.0,131.4,No,No,No,Yes,Male,No,34,No,0,5,6,5,12.4,0,0,5,9,5,13.428571428571429,0,13.9,-0.3,0.79,Graduate,0035,6
Daytime,133.1,117.8,No,No,Yes,No,Female,No,46,No,0,7,14,3,12.333333333333334,0,0,7,12,3,11.083333333333334,0,11.1,0.6,2.02,Dropout,4416,6
Daytime,122.0,127.3,Yes,No,Yes,Yes,Female,No,20,No,0,6,6,6,12.166666666666666,0,0,6,7,6,11.666666666666666,0,9.4,-0.8,-3.12,Graduate,1232,6
Daytime,152.0,146.1,Yes,No,No,Yes,Female,No,18,No,0,5,8,4,13.5,2,0,5,9,0,0.0,3,10.8,1.4,1.74,Dropout,1893,6
Daytime,133.1,118.0,No,No,No,Yes,Female,No,27,No,0,7,14,6,11.666666666666666,0,0,7,10,1,10.0,0,12.4,0.5,1.79,Dropout,3650,6
Daytime,160.0,149.2,No,No,No,Yes,Male,No,18,No,0,5,7,4,14.0,0,0,5,5,5,14.2,0,7.6,2.6,0.32,Graduate,2353,6
Daytime,133.1,99.5,Yes,No,Yes,No,Female,Yes,37,No,0,7,13,1,16.0,0,0,7,12,0,0.0,0,8.9,1.4,3.51,Dropout,0256,6
Daytime,132.0,119.1,Yes,No,Yes,No,Female,No,20,No,0,5,9,3,10.0,0,0,5,9,3,10.571428571428571,0,10.8,1.4,1.74,Dropout,0186,5
Daytime,116.0,110.8,Yes,No,No,Yes,Female,No,18,No,0,6,8,6,12.166666666666666,0,0,6,6,6,13.5,0,11.1,0.6,2.02,Graduate,0675,6
Evening,133.0,119.7,Yes,No,No,Yes,Female,Yes,19,No,0,6,10,4,11.5,0,0,6,11,6,11.5,0,9.4,-0.8,-3.12,Dropout,4227,5
Daytime,126.0,115.5,Yes,No,No,Yes,Female,Yes,19,No,0,7,8,7,12.135714285714286,0,0,8,10,7,13.328571428571427,0,12.4,0.5,1.79,Graduate,1112,2
Daytime,144.0,137.4,No,No,No,Yes,Female,No,19,No,0,7,7,7,13.542857142857144,0,0,8,9,8,14.22222222222222,0,16.2,0.3,-0.92,Graduate,2018,6
Daytime,118.0,122.2,Yes,No,No,Yes,Female,No,22,No,0,6,10,4,10.5,0,0,6,14,1,11.0,0,7.6,2.6,0.32,Dropout,1409,6
Daytime,110.0,100.0,Yes,No,No,Yes,Male,No,27,No,0,0,0,0,0.0,0,0,0,0,0,0.0,0,9.4,-0.8,-3.12,Dropout,3325,6
Daytime,134.0,120.5,Yes,No,No,Yes,Male,Yes,18,No,0,7,12,7,11.716666666666663,0,0,8,13,4,10.868,0,15.5,2.8,-4.06,Graduate,3170,4
Daytime,140.0,124.3,Yes,No,No,Yes,Male,No,18,No,0,0,0,0,0.0,0,0,0,0,0,0.0,0,7.6,2.6,0.32,Graduate,3718,4
Daytime,160.0,160.0,No,No,Yes,No,Male,No,24,No,2,6,6,2,16.0,0,2,7,7,2,16.0,0,8.9,1.4,3.51,Dropout,3564,6
Daytime,145.0,143.6,Yes,No,No,Yes,Male,No,18,No,0,0,0,0,0.0,0,0,0,0,0,0.0,0,12.4,0.5,1.79,Graduate,2638,5
Daytime,142.0,131.9,No,No,No,Yes,Female,Yes,29,No,9,16,17,16,12.588235294117649,0,10,13,14,13,13.357142857142858,0,9.4,-0.8,-3.12,Graduate,1727,6
Daytime,133.1,112.9,No,No,No,Yes,Female,No,24,No,0,6,12,2,11.666666666666666,0,0,6,20,2,10.5,6,16.2,0.3,-0.92,Dropout,1824,6
Evening,140.0,100.0,No,No,No,No,Female,No,31,No,2,6,10,4,11.75,0,0,5,6,1,10.0,0,12.7,3.7,-1.7,Dropout,1245,6
Daytime,152.0,144.7,No,No,No,Yes,Female,No,20,No,0,6,8,6,14.5,0,0,6,7,6,15.428571428571429,0,16.2,0.3,-0.92,Graduate,0275,6
Daytime,120.0,120.0,No,No,No,Yes,Male,No,20,No,2,7,7,6,12.5,0,5,9,10,7,13.142857142857142,1,16.2,0.3,-0.92,Graduate,4419,6
Daytime,160.0,160.0,Yes,No,No,Yes,Male,No,23,No,1,6,10,5,12.5,0,1,6,8,2,13.5,0,12.4,0.5,1.79,Dropout,3080,6
Daytime,121.0,121.4,Yes,No,No,Yes,Female,Yes,19,No,0,6,8,4,10.75,0,0,6,11,5,11.5,0,15.5,2.8,-4.06,Graduate,1486,5
Evening,120.0,117.6,Yes,No,No,Yes,Female,No,19,No,0,6,8,5,12.2,0,0,6,7,6,12.0,0,7.6,2.6,0.32,Graduate,2586,5
Daytime,130.0,140.0,No,No,No,Yes,Male,No,50,No,0,6,7,4,12.25,0,0,6,7,0,0.0,0,8.9,1.4,3.51,Dropout,2321,6
Daytime,133.1,98.0,No,No,No,Yes,Male,No,26,No,0,6,6,0,0.0,0,0,6,12,0,0.0,0,10.8,1.4,1.74,Dropout,2394,6
Daytime,138.0,139.4,Yes,No,No,Yes,Female,No,18,No,0,6,7,5,12.8,0,0,6,10,4,12.2,0,10.8,1.4,1.74,Graduate,1342,2
Daytime,148.0,141.7,No,No,No,Yes,Female,Yes,18,No,0,6,8,5,13.4,0,0,6,7,6,13.166666666666666,0,9.4,-0.8,-3.12,Graduate,0237,6
Daytime,141.0,130.2,Yes,No,No,Yes,Female,No,21,No,0,7,11,7,14.072222222222225,0,0,8,8,8,14.0475,0,15.5,2.8,-4.06,Graduate,2083,5
Daytime,133.1,124.5,No,No,No,Yes,Female,Yes,36,No,0,6,7,6,13.714285714285714,0,0,6,6,5,12.8,0,16.2,0.3,-0.92,Dropout,0210,6
Daytime,133.0,120.4,Yes,No,No,Yes,Female,No,22,No,0,5,5,5,14.8,0,0,5,5,5,15.8,0,8.9,1.4,3.51,Graduate,0042,5
Daytime,126.0,115.5,No,No,No,Yes,Male,No,18,No,0,7,11,6,13.433333333333332,0,0,7,10,4,13.6,0,8.9,1.4,3.51,Graduate,2217,5
Daytime,121.0,116.5,Yes,No,No,No,Male,No,18,No,0,6,12,0,0.0,0,0,6,0,0,0.0,0,9.4,-0.8,-3.12,Dropout,1283,2
Daytime,124.0,126.8,Yes,No,No,Yes,Female,No,20,No,0,5,8,5,12.333333333333334,0,0,5,7,5,12.2,0,15.5,2.8,-4.06,Graduate,2769,6
Daytime,150.0,140.0,No,No,No,Yes,Male,No,24,No,0,7,11,7,11.294444444444444,0,0,8,22,2,12.6,0,15.5,2.8,-4.06,Graduate,2202,6
Daytime,141.0,125.5,No,No,No,Yes,Female,No,18,No,0,8,10,8,12.86,2,0,8,10,8,12.86,2,9.4,-0.8,-3.12,Graduate,0300,6
Daytime,153.0,157.9,No,No,Yes,Yes,Female,Yes,18,No,0,6,6,6,14.833333333333334,0,0,6,6,6,14.833333333333334,0,8.9,1.4,3.51,Graduate,0138,6
Daytime,100.0,163.5,No,No,Yes,No,Male,No,50,No,0,6,7,1,15.0,0,0,5,12,0,0.0,0,10.8,1.4,1.74,Dropout,0679,6
Daytime,140.0,140.0,Yes,No,No,No,Female,No,39,No,0,7,0,0,0.0,0,0,8,0,0,0.0,0,12.4,0.5,1.79,Dropout,1517,6
Daytime,130.0,129.0,Yes,No,No,Yes,Female,No,25,No,0,6,6,6,13.5,0,0,6,6,6,12.5,0,9.4,-0.8,-3.12,Graduate,1818,6
Daytime,140.0,132.5,Yes,No,No,Yes,Female,No,18,No,0,7,7,6,14.316666666666668,0,0,7,7,6,14.316666666666668,0,7.6,2.6,0.32,Graduate,3260,5
Daytime,130.0,121.5,No,No,No,No,Male,No,26,No,0,5,5,2,10.5,0,0,5,9,0,0.0,0,10.8,1.4,1.74,Dropout,1867,5
Evening,140.0,126.0,No,No,No,Yes,Female,Yes,39,No,3,9,9,9,13.11111111111111,0,2,7,10,7,11.714285714285714,0,12.7,3.7,-1.7,Graduate,3803,6
Daytime,130.0,123.8,No,No,No,Yes,Female,No,18,No,0,5,7,4,12.0,0,0,5,6,5,12.0,0,7.6,2.6,0.32,Graduate,1091,6
Evening,120.0,120.7,No,No,No,Yes,Female,No,39,No,0,5,6,5,11.0,0,0,5,5,5,13.2,0,7.6,2.6,0.32,Graduate,2887,6
Daytime,136.0,133.2,Yes,No,No,Yes,Female,No,19,No,0,6,8,5,11.0,0,0,6,13,5,11.4,0,7.6,2.6,0.32,Graduate,4185,6
Daytime,121.0,111.9,Yes,No,No,Yes,Female,No,20,No,5,11,12,11,11.727272727272728,0,5,11,14,11,12.0,0,12.4,0.5,1.79,Graduate,0397,6
Evening,150.0,122.5,No,No,No,Yes,Male,No,47,No,0,5,9,4,11.5,0,0,5,6,5,11.6,1,7.6,2.6,0.32,Dropout,2750,6
Daytime,133.1,154.3,No,No,No,Yes,Female,No,32,No,0,7,0,0,0.0,0,0,8,0,0,0.0,0,12.4,0.5,1.79,Dropout,3359,6
Daytime,143.0,128.0,No,No,No,Yes,Female,Yes,18,No,0,7,9,7,13.055555555555555,0,0,8,8,8,15.8125,0,13.9,-0.3,0.79,Graduate,0605,6
Daytime,128.0,121.0,Yes,No,No,Yes,Female,No,19,No,0,6,8,6,13.5,0,0,6,9,6,13.571428571428571,0,11.1,0.6,2.02,Graduate,0427,3
Daytime,140.0,140.0,Yes,No,No,Yes,Female,No,23,No,0,6,7,6,15.571428571428571,0,0,6,8,6,16.375,0,12.4,0.5,1.79,Graduate,1200,6
Daytime,144.0,142.6,Yes,No,No,Yes,Female,Yes,18,No,0,6,7,6,14.166666666666666,0,0,6,10,4,14.0,0,15.5,2.8,-4.06,Graduate,4207,6
Daytime,133.1,100.8,No,No,No,Yes,Male,No,24,No,0,7,18,0,0.0,0,0,7,7,0,0.0,0,13.9,-0.3,0.79,Dropout,0091,6
Daytime,133.1,143.0,Yes,No,Yes,Yes,Female,No,21,No,0,6,9,5,11.4,0,0,6,8,5,12.2,0,12.7,3.7,-1.7,Dropout,2597,6
Evening,130.0,140.0,No,No,No,Yes,Male,No,26,No,0,5,5,5,12.4,0,0,5,5,5,12.4,0,15.5,2.8,-4.06,Graduate,1866,6
Daytime,138.0,123.0,Yes,No,No,Yes,Female,No,19,No,0,6,11,5,10.8,0,0,6,12,5,11.333333333333334,0,15.5,2.8,-4.06,Graduate,3020,1
Daytime,118.0,112.4,Yes,No,No,Yes,Female,No,19,No,0,12,22,6,15.307692307692308,0,0,10,13,6,13.875,0,15.5,2.8,-4.06,Graduate,4129,2
Daytime,133.1,96.0,No,No,No,Yes,Male,No,31,No,0,5,5,0,0.0,0,0,5,5,0,0.0,0,7.6,2.6,0.32,Dropout,3563,6
Daytime,170.0,159.5,No,No,No,Yes,Male,No,33,No,0,6,6,0,0.0,0,0,5,5,0,0.0,0,8.9,1.4,3.51,Dropout,3201,6
Daytime,133.1,131.0,Yes,No,No,Yes,Female,No,21,No,0,6,12,3,11.0,0,0,6,12,2,11.0,0,9.4,-0.8,-3.12,Dropout,0121,6
Daytime,120.0,111.3,No,No,No,Yes,Female,No,24,No,9,13,17,10,11.5,0,7,13,18,9,10.444444444444445,0,16.2,0.3,-0.92,Dropout,1625,6
Daytime,143.0,127.3,Yes,No,No,Yes,Female,No,18,No,0,7,8,7,12.217142857142855,0,0,8,11,7,12.11875,0,11.1,0.6,2.02,Graduate,4377,1
Daytime,139.0,124.0,Yes,No,No,Yes,Male,Yes,18,No,0,8,8,7,13.331428571428573,0,0,8,8,7,13.331428571428573,0,10.8,1.4,1.74,Graduate,1362,3
Daytime,137.0,129.3,No,No,No,Yes,Female,No,19,No,0,7,0,0,0.0,0,0,8,0,0,0.0,0,9.4,-0.8,-3.12,Dropout,0954,2
Daytime,150.0,142.0,Yes,No,No,Yes,Female,Yes,19,No,0,6,8,6,12.333333333333334,0,0,6,7,5,12.4,0,10.8,1.4,1.74,Dropout,2619,5
Daytime,133.1,133.0,No,No,No,Yes,Female,No,24,No,0,7,9,6,12.585714285714284,0,0,8,9,7,13.44285714285714,0,13.9,-0.3,0.79,Graduate,0357,6
Daytime,133.1,110.0,Yes,No,No,Yes,Female,Yes,21,No,0,6,8,6,13.285714285714286,0,0,6,11,6,13.0,0,11.1,0.6,2.02,Graduate,3763,6
Daytime,133.1,120.0,No,No,No,Yes,Male,No,25,No,0,3,4,0,0.0,0,0,3,5,0,0.0,0,16.2,0.3,-0.92,Dropout,0567,6
Daytime,125.0,134.1,Yes,No,No,Yes,Male,No,24,No,12,17,19,13,11.642857142857142,0,12,17,25,12,11.25,0,11.1,0.6,2.02,Dropout,3522,6
Daytime,142.0,137.5,Yes,No,No,Yes,Male,No,19,No,0,5,10,5,12.0,0,0,5,9,5,11.5,0,13.9,-0.3,0.79,Graduate,1814,5
Daytime,160.0,150.2,Yes,No,No,Yes,Female,No,19,No,0,5,13,1,13.0,0,0,5,7,2,12.5,0,12.7,3.7,-1.7,Dropout,4158,2
Daytime,135.0,127.5,Yes,No,No,Yes,Female,Yes,19,No,0,7,8,6,13.741666666666667,0,0,8,9,7,14.9125,0,16.2,0.3,-0.92,Graduate,0225,6
Daytime,140.0,138.3,No,No,No,Yes,Male,No,18,No,0,6,7,6,16.0,0,0,6,6,6,15.166666666666666,0,12.4,0.5,1.79,Graduate,2694,6
Daytime,121.0,131.5,No,No,No,Yes,Female,No,21,No,0,5,10,0,0.0,1,0,5,9,2,13.5,0,7.6,2.6,0.32,Dropout,0220,6
Daytime,137.0,130.4,Yes,No,Yes,Yes,Male,No,18,No,0,5,10,1,12.0,0,0,5,7,3,10.666666666666666,2,7.6,2.6,0.32,Dropout,3724,5
Daytime,131.0,118.4,No,No,No,Yes,Male,No,18,No,0,5,10,0,0.0,0,0,5,10,2,11.5,4,7.6,2.6,0.32,Dropout,3740,4
Daytime,144.0,130.5,Yes,No,No,Yes,Female,No,18,No,0,8,12,7,11.971428571428572,0,0,8,12,7,11.971428571428572,0,12.7,3.7,-1.7,Graduate,2934,1
Daytime,138.0,135.9,Yes,No,No,Yes,Female,No,18,No,0,6,7,6,14.857142857142858,0,0,6,6,6,14.666666666666666,0,13.9,-0.3,0.79,Graduate,2084,4
Evening,130.0,119.5,Yes,No,No,Yes,Female,No,22,No,9,15,17,15,11.2,0,9,14,15,14,12.428571428571429,0,7.6,2.6,0.32,Graduate,3087,6
Daytime,120.0,111.6,No,No,No,Yes,Female,No,20,No,0,6,6,6,14.5,0,0,6,6,6,12.666666666666666,0,12.4,0.5,1.79,Graduate,1825,6
Daytime,129.0,127.8,Yes,No,No,Yes,Female,No,19,No,0,8,10,6,13.78,1,0,8,10,6,13.78,1,9.4,-0.8,-3.12,Dropout,4108,1
Evening,130.0,133.9,No,No,No,Yes,Female,No,28,No,0,5,7,5,13.714285714285714,0,0,5,7,5,13.142857142857142,0,16.2,0.3,-0.92,Graduate,4084,6
Daytime,132.0,129.9,Yes,No,No,Yes,Female,Yes,19,No,0,6,8,6,13.0,0,0,6,6,6,12.166666666666666,0,8.9,1.4,3.51,Graduate,2977,5
Daytime,130.0,126.1,Yes,No,No,No,Male,No,27,No,0,6,6,0,0.0,0,0,6,8,0,0.0,0,15.5,2.8,-4.06,Dropout,1748,6
Daytime,130.0,110.0,Yes,No,No,Yes,Female,No,24,No,0,6,6,6,15.166666666666666,0,0,6,6,2,15.5,0,15.5,2.8,-4.06,Graduate,1840,6
Daytime,140.0,124.6,Yes,No,No,Yes,Female,No,19,No,0,6,7,5,14.2,0,0,6,7,6,14.571428571428571,0,15.5,2.8,-4.06,Graduate,0435,6
Daytime,138.0,127.2,Yes,No,No,Yes,Female,Yes,18,No,0,7,8,7,13.26,0,0,8,8,8,14.28625,0,15.5,2.8,-4.06,Graduate,2103,1
Daytime,130.0,100.0,No,No,Yes,No,Male,No,28,No,4,10,19,8,11.88888888888889,0,2,8,17,5,11.6,1,15.5,2.8,-4.06,Dropout,3849,6
Daytime,105.0,106.1,Yes,No,No,Yes,Female,No,20,No,0,6,6,6,11.5,0,0,6,7,6,13.285714285714286,0,11.1,0.6,2.02,Graduate,2016,6
Daytime,116.0,112.2,No,No,No,Yes,Male,No,19,No,0,5,0,0,0.0,0,0,5,0,0,0.0,0,16.2,0.3,-0.92,Dropout,3186,5
Evening,170.0,170.0,No,No,No,Yes,Female,No,27,No,0,5,5,0,0.0,0,0,6,0,0,0.0,0,9.4,-0.8,-3.12,Dropout,2902,6
Daytime,130.0,101.3,Yes,No,No,Yes,Male,No,20,No,0,6,12,4,12.8,0,0,6,17,0,0.0,0,12.4,0.5,1.79,Dropout,1523,6
Daytime,137.0,131.0,Yes,No,No,Yes,Female,Yes,18,No,0,8,8,8,13.73125,0,0,8,8,8,13.73125,0,9.4,-0.8,-3.12,Graduate,0624,6
Daytime,133.1,101.0,No,No,Yes,Yes,Female,No,25,No,0,6,6,0,0.0,0,0,6,6,0,0.0,0,15.5,2.8,-4.06,Dropout,2136,6
Daytime,125.0,121.5,No,No,No,Yes,Female,No,19,No,0,6,10,5,11.666666666666666,0,0,6,12,4,11.0,0,13.9,-0.3,0.79,Graduate,0168,4
Daytime,133.0,133.7,Yes,No,No,Yes,Female,No,19,No,0,6,11,1,13.0,0,0,5,10,0,0.0,0,7.6,2.6,0.32,Dropout,3678,5
Daytime,130.0,130.0,No,No,Yes,No,Female,No,27,No,1,5,6,2,11.5,0,0,5,5,1,11.0,0,12.7,3.7,-1.7,Dropout,0496,4
Evening,133.1,144.5,No,No,No,Yes,Female,No,45,No,0,6,13,4,12.5,0,0,6,8,3,11.666666666666666,0,16.2,0.3,-0.92,Dropout,2880,6
Daytime,150.0,135.0,No,No,No,Yes,Female,No,29,No,2,8,10,7,11.142857142857142,0,2,8,11,8,11.375,0,12.7,3.7,-1.7,Graduate,3468,6
Daytime,125.0,121.5,Yes,No,No,Yes,Female,No,20,No,0,7,13,4,13.5,0,0,7,11,4,11.225,0,11.1,0.6,2.02,Dropout,2048,5
Daytime,147.0,142.0,Yes,No,No,Yes,Female,No,18,No,0,7,7,6,14.65,0,0,7,7,6,14.65,0,7.6,2.6,0.32,Graduate,3124,6
Daytime,150.0,150.0,No,No,Yes,No,Female,No,26,No,0,3,3,0,0.0,0,0,6,0,0,0.0,0,8.9,1.4,3.51,Dropout,0321,6
Daytime,127.0,133.7,Yes,No,Yes,Yes,Male,No,18,No,0,6,6,6,13.0,0,0,6,7,5,11.8,0,12.7,3.7,-1.7,Dropout,3594,4
Evening,133.1,128.2,No,No,No,Yes,Female,No,33,No,0,5,0,0,0.0,0,0,5,0,0,0.0,0,12.7,3.7,-1.7,Dropout,0358,6
Daytime,129.0,121.0,No,No,No,Yes,Female,Yes,22,No,0,6,9,6,12.833333333333334,0,0,6,6,4,13.25,0,16.2,0.3,-0.92,Graduate,4211,6
Daytime,139.0,128.2,Yes,No,No,Yes,Male,Yes,19,No,0,0,0,0,0.0,0,0,0,0,0,0.0,0,10.8,1.4,1.74,Graduate,0067,4
Daytime,121.0,125.9,Yes,No,No,Yes,Male,No,18,No,0,6,0,0,0.0,0,0,6,0,0,0.0,0,13.9,-0.3,0.79,Dropout,2462,4
Daytime,130.0,130.0,No,No,No,No,Female,No,28,No,0,5,9,1,12.0,1,0,4,10,0,0.0,4,10.8,1.4,1.74,Dropout,0504,5
Daytime,137.0,133.2,Yes,No,No,Yes,Female,Yes,19,No,0,6,7,6,14.714285714285714,0,0,6,6,6,15.0,0,13.9,-0.3,0.79,Graduate,1305,5
Daytime,113.0,112.3,Yes,No,Yes,Yes,Female,Yes,20,No,0,6,8,5,11.6,0,0,6,8,4,11.75,0,8.9,1.4,3.51,Graduate,1204,1
Evening,120.0,170.0,No,No,No,Yes,Male,No,43,No,0,5,5,5,11.8,0,0,5,6,5,14.0,0,9.4,-0.8,-3.12,Graduate,0689,6
Daytime,133.0,120.4,No,No,No,No,Female,No,21,No,0,6,12,2,11.5,0,0,6,13,1,13.0,0,9.4,-0.8,-3.12,Dropout,3366,6
Daytime,148.0,141.4,No,No,No,Yes,Male,No,19,No,0,6,0,0,0.0,0,0,6,0,0,0.0,0,15.5,2.8,-4.06,Dropout,2319,6
Evening,160.0,97.0,No,No,No,Yes,Female,Yes,35,No,0,6,9,6,11.333333333333334,0,0,6,6,6,11.333333333333334,0,15.5,2.8,-4.06,Graduate,1164,6
Daytime,170.0,165.8,Yes,No,No,Yes,Male,No,18,No,0,6,7,6,14.5,0,0,6,6,6,15.166666666666666,0,9.4,-0.8,-3.12,Graduate,3215,3
Daytime,142.0,127.0,Yes,No,No,Yes,Female,No,18,No,0,5,7,3,12.333333333333334,0,0,5,9,5,12.6,0,10.8,1.4,1.74,Graduate,3663,6
Daytime,133.0,121.8,No,No,No,Yes,Male,Yes,18,No,0,8,8,8,12.93875,0,0,8,8,8,12.93875,0,9.4,-0.8,-3.12,Graduate,3481,6
Daytime,139.0,131.8,Yes,No,No,Yes,Female,No,18,No,0,8,8,7,14.652857142857142,0,0,8,8,7,14.652857142857142,0,10.8,1.4,1.74,Graduate,1163,4
Daytime,150.0,150.0,Yes,No,No,Yes,Female,No,26,No,11,18,45,18,11.833333333333334,10,9,13,27,13,12.461538461538462,5,15.5,2.8,-4.06,Graduate,0895,6
Daytime,124.0,116.3,Yes,No,No,Yes,Female,No,20,No,0,6,8,5,12.2,0,0,6,6,6,11.5,0,16.2,0.3,-0.92,Graduate,3085,6
Evening,150.0,148.0,No,No,No,Yes,Female,No,26,No,0,6,10,3,11.666666666666666,0,0,6,8,5,12.0,0,9.4,-0.8,-3.12,Graduate,0174,6
Daytime,160.0,96.0,No,No,No,No,Female,No,29,No,3,5,7,3,12.333333333333334,0,0,5,8,0,0.0,0,10.8,1.4,1.74,Dropout,3426,5
Daytime,152.0,156.9,No,No,No,Yes,Female,Yes,18,No,0,7,10,7,14.668,0,0,8,8,8,14.63375,0,15.5,2.8,-4.06,Graduate,0783,6
Daytime,121.0,114.4,No,No,No,Yes,Female,Yes,18,No,0,6,6,6,12.666666666666666,0,0,6,6,6,12.833333333333334,0,11.1,0.6,2.02,Graduate,3130,6
Daytime,130.0,130.0,No,No,No,Yes,Male,No,28,No,9,18,36,17,13.058823529411764,1,6,12,15,12,12.307692307692308,0,15.5,2.8,-4.06,Graduate,2281,6
Daytime,140.0,140.0,Yes,No,No,Yes,Female,No,34,No,0,0,0,0,0.0,0,0,0,0,0,0.0,0,10.8,1.4,1.74,Dropout,1992,6
Daytime,124.0,122.3,Yes,No,No,Yes,Female,No,19,No,0,6,7,6,11.666666666666666,0,0,6,6,6,12.333333333333334,0,13.9,-0.3,0.79,Dropout,3113,3
Daytime,118.0,120.5,Yes,No,No,Yes,Male,No,20,No,0,5,10,3,13.333333333333334,0,0,5,11,5,13.571428571428571,0,12.4,0.5,1.79,Graduate,3569,2
Daytime,137.0,126.5,Yes,No,No,Yes,Female,No,18,No,0,8,8,8,13.76375,0,0,8,8,8,13.76375,0,9.4,-0.8,-3.12,Graduate,1229,2
Daytime,116.0,108.7,Yes,No,No,Yes,Male,No,18,No,0,6,9,5,11.0,0,0,6,12,0,0.0,0,11.1,0.6,2.02,Dropout,3788,6
Daytime,150.0,150.0,Yes,No,No,Yes,Male,No,22,No,0,5,7,4,14.5,0,0,5,5,5,14.6,0,10.8,1.4,1.74,Graduate,2314,6
Evening,123.0,121.3,Yes,No,No,Yes,Female,No,25,No,0,6,6,6,12.833333333333334,0,0,6,6,6,12.833333333333334,0,7.6,2.6,0.32,Graduate,0820,6
Daytime,135.0,129.8,Yes,No,No,Yes,Male,No,20,No,0,6,6,5,12.8,0,0,6,11,3,12.75,0,15.5,2.8,-4.06,Graduate,3606,4
Daytime,146.0,137.8,No,No,No,Yes,Male,No,18,No,0,6,11,5,13.6,0,0,6,13,3,12.666666666666666,0,13.9,-0.3,0.79,Dropout,1741,6
Daytime,148.0,131.6,No,No,No,Yes,Male,Yes,18,No,0,6,8,6,15.5,0,0,6,9,4,15.5,0,11.1,0.6,2.02,Dropout,3830,6
Evening,100.0,111.5,No,No,No,Yes,Male,No,45,No,2,8,10,4,11.5,0,2,8,13,4,11.0,0,10.8,1.4,1.74,Dropout,2401,6
Daytime,133.1,120.0,Yes,No,Yes,No,Male,No,41,No,0,5,5,0,0.0,1,0,5,5,0,0.0,5,12.7,3.7,-1.7,Dropout,3875,6
Daytime,116.0,110.4,Yes,No,No,Yes,Male,No,19,No,0,6,6,6,11.5,0,0,6,8,6,12.285714285714286,0,8.9,1.4,3.51,Graduate,2024,6
Daytime,110.0,160.0,Yes,No,Yes,Yes,Female,No,30,No,0,6,7,6,16.428571428571427,0,0,6,7,6,16.666666666666668,0,13.9,-0.3,0.79,Dropout,2715,6
Evening,100.0,128.2,No,No,No,Yes,Male,No,46,No,6,10,13,9,12.2,0,4,10,12,10,12.8,0,7.6,2.6,0.32,Graduate,0686,6
Daytime,128.0,116.5,Yes,No,No,Yes,Male,No,18,No,0,5,6,5,12.0,0,0,5,8,5,12.142857142857142,0,10.8,1.4,1.74,Graduate,1721,6
Daytime,114.0,114.5,Yes,No,No,Yes,Female,Yes,19,No,0,7,7,7,13.094285714285714,0,0,8,8,8,12.55,0,12.4,0.5,1.79,Graduate,0906,4
Daytime,133.1,128.0,Yes,No,No,No,Male,No,32,No,0,7,0,0,0.0,0,0,8,0,0,0.0,0,16.2,0.3,-0.92,Dropout,1382,6
Evening,100.0,125.3,Yes,No,No,Yes,Male,No,41,No,0,5,8,4,11.25,0,0,5,8,3,11.0,1,7.6,2.6,0.32,Dropout,2410,6
Daytime,120.0,120.0,No,No,No,Yes,Female,No,32,No,9,15,21,13,12.692307692307692,0,12,15,22,13,12.384615384615383,0,10.8,1.4,1.74,Graduate,2874,6
Daytime,132.0,119.1,No,No,Yes,Yes,Male,No,18,No,0,6,6,3,12.666666666666666,0,0,6,11,4,11.142857142857142,0,10.8,1.4,1.74,Dropout,3616,6
Daytime,100.0,114.0,Yes,No,Yes,No,Female,No,31,No,0,7,8,5,12.56,0,0,7,8,5,12.56,0,7.6,2.6,0.32,Dropout,2812,6
Daytime,133.1,140.0,No,No,No,Yes,Female,Yes,26,No,0,7,13,5,12.74,0,0,8,12,6,10.978571428571428,0,16.2,0.3,-0.92,Dropout,0381,6
Evening,134.0,120.6,Yes,No,No,Yes,Male,No,27,No,2,6,6,6,12.333333333333334,0,0,5,5,5,13.0,0,11.1,0.6,2.02,Graduate,1810,6
Daytime,120.0,115.0,No,No,No,No,Female,No,20,No,0,5,8,2,10.5,0,0,5,8,2,12.333333333333334,0,7.6,2.6,0.32,Dropout,0394,5
Daytime,108.0,115.0,Yes,No,Yes,No,Female,No,20,No,0,6,0,0,0.0,0,0,6,0,0,0.0,0,8.9,1.4,3.51,Dropout,0645,5
Evening,150.0,120.1,No,No,No,No,Female,No,39,No,11,15,15,12,11.916666666666666,0,8,13,14,8,11.25,0,10.8,1.4,1.74,Dropout,4247,6
Daytime,122.0,119.6,Yes,No,No,Yes,Female,Yes,19,No,0,6,6,6,12.333333333333334,0,0,6,6,6,12.833333333333334,0,12.4,0.5,1.79,Graduate,3045,2
Daytime,103.0,104.1,No,No,No,Yes,Female,No,20,No,0,6,6,0,0.0,0,0,5,5,0,0.0,0,8.9,1.4,3.51,Dropout,2163,6
Daytime,140.0,127.5,Yes,No,Yes,Yes,Female,Yes,20,No,0,7,9,7,12.327777777777778,0,0,8,10,8,11.736,0,15.5,2.8,-4.06,Graduate,3974,4
Daytime,130.0,124.8,No,No,No,Yes,Female,Yes,18,No,0,6,9,6,11.5,0,0,6,11,5,14.0,0,11.1,0.6,2.02,Graduate,1832,6
Daytime,168.0,171.2,No,No,No,Yes,Male,Yes,18,No,0,5,6,5,17.333333333333332,0,0,5,8,5,18.571428571428573,0,12.4,0.5,1.79,Graduate,1284,6
Daytime,177.0,155.7,No,No,Yes,Yes,Female,Yes,18,No,0,6,6,6,15.666666666666666,0,0,6,6,6,13.833333333333334,0,8.9,1.4,3.51,Graduate,3153,6
Daytime,113.0,112.3,No,No,No,Yes,Female,No,20,No,0,6,9,6,12.375,0,0,6,7,6,13.142857142857142,0,11.1,0.6,2.02,Graduate,2948,1
Daytime,133.1,120.9,Yes,No,No,Yes,Female,No,39,No,0,7,12,4,12.0,0,0,7,13,4,12.5625,0,11.1,0.6,2.02,Dropout,4147,6
Daytime,125.0,117.0,No,No,No,Yes,Female,Yes,19,No,0,6,7,6,13.428571428571429,0,0,6,6,6,13.166666666666666,0,15.5,2.8,-4.06,Graduate,0384,6
Daytime,130.0,150.0,No,No,Yes,No,Male,No,28,No,5,11,14,11,15.090909090909092,0,5,10,11,10,15.0,0,11.1,0.6,2.02,Dropout,2264,6
Daytime,151.0,151.0,Yes,No,No,Yes,Female,No,18,Yes,0,6,12,0,0.0,1,0,6,0,0,0.0,0,9.4,-0.8,-3.12,Dropout,1841,6
Daytime,123.9,123.9,No,No,No,Yes,Male,No,20,No,2,7,9,5,12.6,0,5,9,10,8,12.75,1,16.2,0.3,-0.92,Dropout,2699,6
Evening,120.0,113.0,No,No,No,Yes,Female,Yes,24,No,0,6,11,4,12.0,0,0,6,7,6,13.0,0,10.8,1.4,1.74,Graduate,3917,6
Daytime,145.0,138.8,Yes,No,No,Yes,Female,Yes,18,No,0,7,7,6,12.95,0,0,7,7,6,12.95,0,7.6,2.6,0.32,Graduate,0904,5
Daytime,134.0,122.8,No,No,No,Yes,Male,No,18,No,0,6,6,6,12.0,0,0,6,6,6,12.5,0,12.7,3.7,-1.7,Graduate,0983,6
Daytime,120.0,118.3,No,No,No,Yes,Female,Yes,20,No,8,11,12,11,12.0,0,6,11,14,11,12.75,0,13.9,-0.3,0.79,Graduate,2175,6
Daytime,140.0,100.8,No,Yes,No,Yes,Female,No,26,No,0,0,0,0,0.0,0,0,0,0,0,0.0,0,16.2,0.3,-0.92,Dropout,2954,6
Daytime,137.0,122.7,Yes,No,No,Yes,Female,Yes,18,No,0,7,7,7,15.285714285714286,0,0,8,8,8,16.075,0,12.4,0.5,1.79,Graduate,0945,6
Daytime,134.0,132.7,Yes,No,No,Yes,Male,No,22,No,9,13,13,13,14.0,0,7,12,13,12,13.0,0,15.5,2.8,-4.06,Graduate,1509,6
Daytime,126.0,119.0,No,No,No,Yes,Female,Yes,18,No,0,6,6,6,12.166666666666666,0,0,6,7,6,12.142857142857142,0,15.5,2.8,-4.06,Graduate,4094,6
Daytime,130.0,130.0,Yes,No,No,Yes,Male,No,23,No,0,6,8,6,12.571428571428571,0,0,6,7,6,12.428571428571429,0,8.9,1.4,3.51,Graduate,0068,6
Daytime,128.0,157.4,Yes,No,No,Yes,Female,No,26,No,0,6,7,6,16.5,0,0,6,8,6,14.285714285714286,0,8.9,1.4,3.51,Graduate,3141,6
Daytime,130.0,130.0,No,No,Yes,Yes,Female,No,41,No,0,6,0,0,0.0,0,0,6,0,0,0.0,0,11.1,0.6,2.02,Dropout,4141,6
Daytime,145.0,130.0,Yes,No,No,Yes,Female,No,18,No,0,8,8,8,13.76125,0,0,8,8,8,13.76125,0,9.4,-0.8,-3.12,Graduate,1668,3
Daytime,132.0,122.9,Yes,No,No,Yes,Female,No,20,No,0,7,7,7,13.857142857142858,0,0,7,7,7,13.285714285714286,0,11.1,0.6,2.02,Graduate,2151,6
Daytime,140.0,140.0,No,No,No,Yes,Male,No,25,No,0,6,6,6,14.666666666666666,0,0,6,6,6,13.5,0,11.1,0.6,2.02,Graduate,2219,6
Daytime,120.0,120.5,Yes,No,Yes,Yes,Male,No,35,No,14,17,17,14,10.642857142857142,1,12,12,12,12,10.666666666666666,0,15.5,2.8,-4.06,Dropout,3854,6
Daytime,154.0,150.2,No,No,No,Yes,Female,Yes,18,No,0,6,6,6,14.5,0,0,6,6,6,14.666666666666666,0,16.2,0.3,-0.92,Graduate,2926,6
Daytime,133.1,120.0,No,No,Yes,Yes,Male,No,32,No,1,6,15,2,12.0,0,0,6,7,0,0.0,0,11.1,0.6,2.02,Dropout,3350,6
Daytime,128.0,123.5,Yes,Yes,No,No,Male,No,19,No,0,6,9,4,12.5,0,0,6,6,0,0.0,0,9.4,-0.8,-3.12,Dropout,3874,5
Evening,133.1,153.0,No,No,No,No,Female,No,40,No,0,5,10,0,0.0,0,0,5,5,0,0.0,0,7.6,2.6,0.32,Dropout,3460,3
Daytime,139.0,124.5,Yes,No,No,Yes,Female,No,19,No,0,8,9,7,12.04142857142857,0,0,8,9,7,12.04142857142857,0,10.8,1.4,1.74,Graduate,1192,1
Daytime,127.0,138.8,Yes,No,No,Yes,Female,No,22,No,4,12,19,11,14.153846153846152,0,5,12,20,12,15.428571428571429,0,8.9,1.4,3.51,Graduate,1723,6
Daytime,140.0,140.0,No,No,No,Yes,Female,No,33,No,2,7,8,6,14.35,0,3,8,10,6,14.583333333333334,0,16.2,0.3,-0.92,Dropout,0180,6
Daytime,147.0,141.8,Yes,No,No,Yes,Female,No,19,No,0,6,8,6,13.0,0,0,6,9,4,12.8,0,13.9,-0.3,0.79,Graduate,1937,6
Daytime,130.0,130.0,Yes,No,No,Yes,Male,No,18,No,0,6,7,4,11.0,0,0,6,7,3,11.25,0,16.2,0.3,-0.92,Dropout,1176,3
Daytime,140.0,146.4,No,No,No,Yes,Female,No,18,No,0,5,5,5,12.6,0,0,5,7,5,11.6,0,7.6,2.6,0.32,Graduate,2862,6
Daytime,132.0,120.3,Yes,No,No,Yes,Female,Yes,18,No,0,7,7,7,13.75,0,0,8,9,8,14.47777777777778,0,12.4,0.5,1.79,Graduate,0098,2
Daytime,150.0,154.8,Yes,No,No,Yes,Male,No,21,No,0,0,0,0,0.0,0,0,0,0,0,0.0,0,12.4,0.5,1.79,Graduate,1364,6
Daytime,135.0,130.1,Yes,No,No,Yes,Female,No,18,No,0,6,6,6,13.666666666666666,0,0,6,7,6,13.0,0,15.5,2.8,-4.06,Graduate,3306,4
Daytime,133.1,100.0,No,No,No,Yes,Male,No,35,No,17,18,20,18,11.555555555555555,0,11,13,13,13,11.615384615384617,0,15.5,2.8,-4.06,Graduate,3290,6
Daytime,137.0,136.3,Yes,No,No,Yes,Female,No,20,No,0,5,8,4,12.5,1,0,5,8,4,12.25,2,10.8,1.4,1.74,Graduate,0019,6
Daytime,134.0,133.5,Yes,No,No,Yes,Male,Yes,20,No,0,7,8,7,11.9725,0,0,8,8,8,12.65125,0,15.5,2.8,-4.06,Graduate,3898,6
Daytime,108.0,105.2,Yes,No,No,Yes,Male,No,25,No,11,17,18,13,11.538461538461538,0,10,15,15,10,12.4,0,12.7,3.7,-1.7,Dropout,1750,6
Daytime,133.1,101.0,Yes,No,No,Yes,Female,No,26,No,0,6,21,3,12.666666666666666,0,0,6,15,2,11.0,0,15.5,2.8,-4.06,Dropout,1616,6
Daytime,150.0,110.0,Yes,No,No,Yes,Male,Yes,33,No,6,14,20,14,13.072857142857144,6,6,14,20,14,13.072857142857144,6,9.4,-0.8,-3.12,Graduate,2799,6
Daytime,130.0,130.0,Yes,No,No,Yes,Female,No,23,No,0,6,7,0,0.0,0,0,6,7,0,0.0,0,11.1,0.6,2.02,Dropout,3422,6
Daytime,140.0,140.0,No,No,No,Yes,Female,No,19,No,0,6,7,6,12.0,0,0,6,7,6,12.666666666666666,0,12.4,0.5,1.79,Graduate,1111,6
Evening,133.1,113.5,No,No,No,Yes,Female,Yes,50,No,3,9,11,8,13.25,0,2,7,8,7,11.714285714285714,0,12.7,3.7,-1.7,Graduate,3272,6
Daytime,120.0,140.4,No,No,No,Yes,Female,No,31,No,2,6,13,5,11.4,0,0,6,14,4,11.75,0,13.9,-0.3,0.79,Dropout,0488,6
Daytime,125.0,117.8,Yes,No,No,Yes,Female,No,18,No,0,7,10,7,13.03,0,0,8,8,8,13.21875,0,15.5,2.8,-4.06,Graduate,1931,3
Daytime,170.0,170.0,Yes,No,No,Yes,Male,No,20,No,0,6,8,6,14.5,0,0,6,10,6,15.3,0,16.2,0.3,-0.92,Graduate,2456,6
Daytime,133.1,101.5,No,No,Yes,No,Male,No,34,No,0,6,6,0,0.0,0,0,6,6,0,0.0,0,15.5,2.8,-4.06,Dropout,2697,6
Daytime,120.0,120.0,Yes,No,No,Yes,Female,No,33,No,9,12,22,10,13.3,0,9,11,11,11,13.727272727272728,0,9.4,-0.8,-3.12,Graduate,3307,6
Daytime,131.0,126.5,No,No,No,Yes,Female,Yes,18,No,0,5,5,5,10.6,0,0,5,5,5,11.8,0,12.4,0.5,1.79,Graduate,0157,6
Daytime,127.0,116.9,No,No,No,Yes,Male,No,21,No,0,6,7,5,11.0,0,0,6,7,5,12.4,0,15.5,2.8,-4.06,Graduate,0538,6
Daytime,140.0,143.4,Yes,No,No,Yes,Female,No,21,No,0,0,0,0,0.0,0,0,0,0,0,0.0,0,9.4,-0.8,-3.12,Dropout,4165,4
Daytime,132.0,127.1,No,No,No,Yes,Male,No,23,No,0,6,9,6,12.333333333333334,0,0,6,11,5,13.0,0,7.6,2.6,0.32,Graduate,1168,5
Daytime,143.0,133.9,Yes,No,No,Yes,Male,Yes,18,Yes,0,6,7,6,13.5,0,0,6,7,6,13.0,0,16.2,0.3,-0.92,Graduate,1281,4
Daytime,125.0,118.3,No,No,No,Yes,Male,No,20,No,0,8,12,5,12.002,1,0,8,12,5,12.002,1,10.8,1.4,1.74,Dropout,2650,6
Daytime,128.0,117.2,No,No,No,Yes,Male,No,20,No,0,5,7,5,14.6,1,0,5,5,5,14.2,0,12.7,3.7,-1.7,Graduate,0569,6
Daytime,133.0,123.2,Yes,No,No,Yes,Female,Yes,19,No,0,6,8,6,13.333333333333334,0,0,6,7,6,13.666666666666666,0,8.9,1.4,3.51,Graduate,0799,6
Daytime,131.0,118.4,No,No,No,Yes,Female,No,19,No,0,5,8,3,12.0,0,0,5,7,5,12.833333333333334,0,7.6,2.6,0.32,Graduate,3021,6
Daytime,119.0,123.2,Yes,No,No,Yes,Male,No,22,No,0,6,6,6,14.166666666666666,0,0,6,8,6,13.625,0,10.8,1.4,1.74,Graduate,0565,1
Daytime,131.0,135.9,Yes,No,No,Yes,Female,No,18,No,0,6,8,5,13.2,0,0,6,6,6,11.333333333333334,0,9.4,-0.8,-3.12,Graduate,4333,6
Evening,120.0,113.9,Yes,No,No,Yes,Female,No,39,No,0,5,8,5,11.0,0,0,5,5,5,11.6,0,7.6,2.6,0.32,Graduate,0039,6
Daytime,130.0,130.0,No,No,No,Yes,Female,No,23,No,0,8,8,8,13.22,0,0,8,8,8,13.22,0,9.4,-0.8,-3.12,Graduate,0246,6
Daytime,120.0,120.0,Yes,No,Yes,No,Male,No,25,No,18,21,26,21,12.363636363636363,0,12,16,21,12,12.25,1,11.1,0.6,2.02,Dropout,2257,6
Daytime,147.0,141.1,Yes,No,No,Yes,Female,No,20,No,0,7,9,6,13.0,0,0,8,8,8,14.2125,0,13.9,-0.3,0.79,Dropout,4000,1
Daytime,114.0,110.2,Yes,No,No,Yes,Male,No,20,No,0,6,8,5,12.2,0,0,6,7,5,12.2,0,10.8,1.4,1.74,Dropout,0081,1
Daytime,129.0,117.8,Yes,No,No,Yes,Female,No,18,No,0,6,11,6,12.0,0,0,6,11,4,12.5,0,8.9,1.4,3.51,Graduate,2148,1
Daytime,140.0,135.1,No,No,No,Yes,Male,No,61,No,0,5,0,0,0.0,0,0,5,0,0,0.0,0,15.5,2.8,-4.06,Dropout,0950,6
Daytime,135.0,124.5,No,No,No,Yes,Female,Yes,18,No,0,6,11,5,11.142857142857142,0,0,6,8,6,12.285714285714286,0,16.2,0.3,-0.92,Graduate,1186,6
Daytime,145.0,138.0,Yes,No,No,Yes,Female,No,20,No,0,6,11,5,11.2,0,0,6,6,6,12.0,0,9.4,-0.8,-3.12,Graduate,1228,6
Daytime,135.0,125.8,Yes,No,No,Yes,Female,No,18,No,0,8,8,7,13.154285714285717,0,0,8,8,7,13.154285714285717,0,10.8,1.4,1.74,Graduate,3781,6
Daytime,124.0,118.1,Yes,No,No,No,Female,No,18,No,0,6,11,3,13.0,0,0,6,10,5,11.8,0,9.4,-0.8,-3.12,Dropout,1250,5
Daytime,135.0,133.3,No,No,No,Yes,Female,No,19,No,0,5,5,5,13.0,0,0,5,5,5,13.2,0,9.4,-0.8,-3.12,Graduate,0233,5
Daytime,134.0,120.7,No,No,Yes,No,Female,No,19,No,0,6,13,3,10.666666666666666,0,0,6,6,4,12.25,0,15.5,2.8,-4.06,Dropout,4233,6
Daytime,138.0,126.5,Yes,No,No,Yes,Female,Yes,20,Yes,0,6,7,6,12.857142857142858,0,0,6,8,5,11.8,0,8.9,1.4,3.51,Graduate,3162,6
Daytime,137.0,125.8,No,No,Yes,Yes,Male,No,20,No,0,6,7,5,12.2,0,0,6,6,6,12.333333333333334,0,12.7,3.7,-1.7,Dropout,2190,3
Daytime,140.0,125.2,No,No,Yes,Yes,Female,No,41,No,20,21,23,21,12.333333333333334,0,19,19,19,19,12.105263157894736,0,12.4,0.5,1.79,Graduate,2864,6
Daytime,140.0,135.1,Yes,No,No,Yes,Female,No,18,No,0,6,7,6,13.5,0,0,6,8,6,12.5,0,9.4,-0.8,-3.12,Graduate,0346,6
Daytime,132.0,119.1,Yes,No,No,Yes,Female,No,18,No,0,6,9,4,11.0,0,0,6,9,4,10.75,0,7.6,2.6,0.32,Graduate,0206,6
Daytime,153.0,137.6,Yes,No,No,Yes,Female,No,18,No,0,6,6,6,16.0,0,0,6,7,6,14.333333333333334,0,12.4,0.5,1.79,Graduate,2546,4
Evening,133.1,119.0,No,No,No,Yes,Male,No,39,No,3,9,10,9,13.22222222222222,0,2,7,8,7,13.142857142857142,0,8.9,1.4,3.51,Graduate,3585,6
Daytime,134.0,129.8,Yes,No,No,Yes,Female,No,20,No,0,7,7,6,14.85,0,0,7,7,6,14.85,0,7.6,2.6,0.32,Graduate,3754,3
Evening,160.0,126.0,No,No,No,Yes,Female,Yes,38,No,4,9,13,8,12.88888888888889,0,2,7,9,7,13.0,0,13.9,-0.3,0.79,Graduate,3924,6
Daytime,150.0,137.8,Yes,No,No,Yes,Male,Yes,19,No,0,5,6,5,13.2,0,0,5,6,5,12.666666666666666,0,16.2,0.3,-0.92,Graduate,0959,6
Daytime,133.1,120.0,No,No,No,Yes,Male,No,53,No,0,5,9,4,12.25,2,0,5,8,4,11.75,0,9.4,-0.8,-3.12,Graduate,1631,6
Evening,126.0,142.4,No,No,No,Yes,Female,No,32,No,0,6,0,0,0.0,0,0,6,0,0,0.0,0,7.6,2.6,0.32,Dropout,3058,6
Daytime,123.0,118.8,Yes,Yes,No,Yes,Female,Yes,18,No,0,6,10,5,12.0,0,0,6,11,5,12.333333333333334,0,11.1,0.6,2.02,Graduate,1253,4
Daytime,180.0,180.0,No,No,No,Yes,Female,No,21,No,0,6,6,6,15.833333333333334,0,0,6,8,6,15.5,0,15.5,2.8,-4.06,Graduate,0661,6
Evening,120.0,120.0,No,No,No,Yes,Female,No,18,No,10,16,24,13,13.846153846153848,0,7,11,15,9,12.555555555555555,0,15.5,2.8,-4.06,Dropout,4256,6
Daytime,133.1,100.0,No,No,No,Yes,Female,No,21,No,0,5,12,3,12.0,0,0,5,12,1,15.0,3,16.2,0.3,-0.92,Dropout,0235,6
Daytime,140.0,142.2,No,No,No,Yes,Male,Yes,21,No,6,11,11,11,12.636363636363637,0,3,9,11,9,12.6,0,8.9,1.4,3.51,Graduate,1765,6
Daytime,164.0,161.2,Yes,No,No,Yes,Female,No,18,No,1,6,8,6,13.714285714285714,1,0,6,8,6,14.375,0,13.9,-0.3,0.79,Graduate,2854,4
Daytime,124.0,117.7,Yes,No,No,Yes,Female,No,18,No,0,6,10,5,12.0,0,0,6,11,4,12.0,0,16.2,0.3,-0.92,Graduate,1217,3
Daytime,110.0,107.7,No,No,Yes,No,Female,No,28,No,0,6,0,0,0.0,0,0,5,10,0,0.0,0,10.8,1.4,1.74,Dropout,4182,6
Daytime,120.0,150.1,Yes,No,No,Yes,Male,No,43,No,0,6,9,6,14.77777777777778,0,0,6,11,5,12.2,0,13.9,-0.3,0.79,Graduate,2423,6
Daytime,133.1,123.0,No,No,No,Yes,Female,Yes,37,No,0,7,10,7,10.985714285714286,0,0,8,11,8,12.3,0,10.8,1.4,1.74,Graduate,3998,5
Daytime,136.0,133.9,Yes,No,No,No,Male,No,20,No,0,5,7,4,13.0,0,0,5,11,3,12.0,2,10.8,1.4,1.74,Dropout,1732,6
Daytime,130.0,113.0,Yes,No,No,No,Male,No,35,No,0,6,17,1,13.0,0,0,6,8,0,0.0,0,15.5,2.8,-4.06,Dropout,3292,6
Daytime,118.9,118.9,Yes,No,No,Yes,Female,Yes,19,No,0,7,7,6,13.55,0,0,7,7,6,13.55,0,7.6,2.6,0.32,Graduate,3879,3
Daytime,140.0,129.1,Yes,No,No,Yes,Female,Yes,20,No,6,11,11,11,12.818181818181818,0,6,11,11,11,13.545454545454543,0,12.4,0.5,1.79,Graduate,0668,6
Daytime,138.0,129.3,Yes,No,No,Yes,Female,Yes,18,No,0,7,8,6,13.271666666666668,0,0,8,11,7,12.94375,0,12.4,0.5,1.79,Graduate,3415,4
Daytime,130.0,130.0,No,No,No,No,Male,No,41,No,0,5,9,0,0.0,4,0,5,9,0,0.0,3,10.8,1.4,1.74,Dropout,0725,4
Daytime,149.0,129.3,Yes,No,No,Yes,Male,No,18,No,0,8,8,7,13.1,0,0,8,8,7,13.1,0,12.7,3.7,-1.7,Graduate,2211,4
Evening,114.0,116.7,No,No,No,Yes,Male,No,49,No,0,5,7,4,13.333333333333334,0,0,5,9,4,11.6,1,16.2,0.3,-0.92,Dropout,3498,6
Daytime,135.0,121.8,No,No,No,Yes,Female,Yes,19,No,5,11,11,11,13.181818181818182,0,5,11,11,11,12.909090909090908,0,11.1,0.6,2.02,Graduate,1018,6
Daytime,133.1,101.3,No,No,No,Yes,Female,No,18,Yes,0,6,13,6,13.0,0,0,6,15,6,12.25,0,11.1,0.6,2.02,Graduate,3255,6
Daytime,133.0,119.7,Yes,No,No,Yes,Male,No,19,No,0,5,8,5,13.25,0,0,5,6,5,11.833333333333334,0,13.9,-0.3,0.79,Graduate,1388,4
Daytime,130.0,130.5,Yes,No,No,Yes,Female,No,19,No,0,7,7,6,12.45,0,0,7,7,6,12.45,0,7.6,2.6,0.32,Graduate,1710,4
Daytime,130.0,119.5,Yes,No,No,Yes,Female,Yes,21,No,0,7,7,7,12.242857142857144,0,0,8,8,8,14.125,0,15.5,2.8,-4.06,Graduate,3890,5
Daytime,140.0,131.3,Yes,No,No,Yes,Female,Yes,18,No,0,6,6,6,13.5,0,0,6,9,6,13.666666666666666,0,10.8,1.4,1.74,Graduate,4160,6
Evening,120.0,128.2,No,No,No,No,Male,No,32,No,5,9,9,5,11.4,0,4,4,4,4,11.0,0,10.8,1.4,1.74,Dropout,1241,6
Daytime,117.0,113.5,Yes,No,No,Yes,Female,No,19,No,0,7,10,6,12.166666666666666,0,0,7,9,6,13.166666666666666,0,12.4,0.5,1.79,Graduate,1956,6
Evening,130.0,113.5,Yes,No,No,Yes,Female,No,36,No,0,6,0,0,0.0,0,0,6,0,0,0.0,0,9.4,-0.8,-3.12,Dropout,0103,6
Daytime,120.0,126.7,Yes,No,No,Yes,Male,No,20,No,0,6,9,5,12.6,0,0,6,11,4,11.5,0,7.6,2.6,0.32,Graduate,1289,6
Daytime,151.0,134.5,No,No,Yes,Yes,Female,Yes,18,No,0,7,7,6,14.2,0,0,7,7,6,14.2,0,7.6,2.6,0.32,Graduate,0354,6
Daytime,120.0,118.6,No,No,No,Yes,Male,No,21,No,9,11,14,10,12.4,0,6,10,13,10,11.8,0,13.9,-0.3,0.79,Graduate,2284,6
Daytime,160.0,160.0,No,No,Yes,No,Male,No,51,No,0,4,4,0,0.0,0,0,4,4,0,0.0,0,12.7,3.7,-1.7,Dropout,1888,6
Daytime,141.0,138.9,No,No,No,Yes,Female,No,21,No,0,6,7,6,13.333333333333334,0,0,6,6,6,14.5,0,10.8,1.4,1.74,Graduate,2743,6
Daytime,142.0,123.5,Yes,No,No,Yes,Female,No,19,No,0,7,0,0,0.0,0,0,8,0,0,0.0,0,12.7,3.7,-1.7,Dropout,3015,1
Daytime,184.4,184.4,No,No,No,Yes,Female,No,18,Yes,0,6,8,6,15.0,0,0,6,10,5,14.333333333333334,0,11.1,0.6,2.02,Graduate,1889,6
Evening,120.0,120.0,No,No,No,Yes,Female,No,36,No,6,10,15,4,13.0,0,5,9,10,4,13.75,0,8.9,1.4,3.51,Dropout,3785,6
Daytime,132.0,141.8,Yes,No,No,Yes,Male,No,20,No,0,6,6,6,11.833333333333334,0,0,6,6,6,12.166666666666666,0,12.7,3.7,-1.7,Graduate,3605,5
Daytime,115.0,112.6,No,No,No,Yes,Male,Yes,20,No,0,6,9,6,12.571428571428571,0,0,6,6,6,12.166666666666666,0,8.9,1.4,3.51,Graduate,3213,6
Daytime,133.1,116.0,Yes,No,No,Yes,Female,No,29,No,0,7,14,0,0.0,0,0,6,6,0,0.0,0,11.1,0.6,2.02,Dropout,3942,6
Daytime,119.0,119.4,Yes,No,No,Yes,Female,No,20,No,0,7,7,7,13.775714285714288,0,0,8,8,8,15.599999999999998,0,12.4,0.5,1.79,Graduate,4112,4
Daytime,142.0,132.9,No,No,No,Yes,Male,No,22,No,0,0,0,0,0.0,0,0,0,0,0,0.0,0,12.7,3.7,-1.7,Graduate,3482,6
Daytime,140.0,148.0,Yes,No,No,No,Male,No,31,No,0,6,14,0,0.0,0,0,6,6,0,0.0,0,12.7,3.7,-1.7,Dropout,3549,6
Daytime,133.1,120.0,No,Yes,Yes,Yes,Female,No,40,No,0,6,13,2,10.0,0,0,6,10,1,15.0,0,16.2,0.3,-0.92,Dropout,2500,6
Daytime,128.0,116.5,No,No,No,Yes,Male,Yes,18,No,0,6,12,4,11.5,0,0,6,10,5,12.6,0,10.8,1.4,1.74,Graduate,2431,6
Daytime,124.0,121.2,No,No,No,Yes,Male,Yes,20,No,1,6,7,6,13.5,0,1,6,9,5,12.5,0,10.8,1.4,1.74,Graduate,4411,6
Daytime,135.0,121.0,No,No,No,Yes,Male,No,19,No,0,5,0,0,0.0,0,0,5,0,0,0.0,0,12.4,0.5,1.79,Dropout,2459,5
Daytime,95.0,95.0,No,No,No,No,Male,No,21,No,0,6,9,4,13.25,0,0,6,6,5,11.0,0,12.7,3.7,-1.7,Dropout,2376,6
Daytime,139.0,136.4,Yes,No,No,Yes,Female,No,19,No,0,7,9,7,13.422222222222224,0,0,8,11,7,12.18888888888889,0,15.5,2.8,-4.06,Graduate,3002,5
Evening,130.0,130.0,No,No,No,Yes,Male,No,31,No,9,9,9,9,14.22222222222222,0,5,5,5,5,12.8,0,12.7,3.7,-1.7,Dropout,2450,6
Daytime,120.0,117.2,Yes,No,No,Yes,Female,No,18,No,0,6,8,6,11.875,0,0,6,11,4,14.6,0,11.1,0.6,2.02,Graduate,0307,3
Daytime,133.1,104.5,Yes,No,No,Yes,Female,No,21,No,0,2,2,2,12.5,0,0,7,0,0,0.0,0,12.4,0.5,1.79,Dropout,0477,5
Daytime,129.0,119.2,Yes,No,No,Yes,Female,No,21,No,0,6,0,0,0.0,0,0,6,0,0,0.0,0,8.9,1.4,3.51,Dropout,2116,5
Daytime,140.0,122.3,Yes,No,No,Yes,Female,No,19,No,0,6,9,4,13.0,0,0,6,9,4,12.25,0,12.7,3.7,-1.7,Dropout,3023,6
Daytime,113.0,107.4,Yes,No,No,Yes,Female,Yes,19,No,0,6,6,6,12.166666666666666,0,0,6,6,6,12.166666666666666,0,12.4,0.5,1.79,Graduate,4052,3
Daytime,111.0,162.4,No,No,Yes,No,Male,No,49,No,4,12,16,5,11.6,0,2,7,7,5,11.2,0,8.9,1.4,3.51,Dropout,3527,6
Daytime,130.0,120.0,No,No,No,Yes,Female,No,19,No,0,7,7,6,14.566666666666668,0,0,7,7,6,14.566666666666668,0,7.6,2.6,0.32,Graduate,1058,6
Daytime,135.0,137.5,Yes,No,Yes,No,Male,No,19,No,0,0,0,0,0.0,0,0,0,0,0,0.0,0,12.7,3.7,-1.7,Graduate,2388,6
Evening,128.0,122.1,No,No,No,Yes,Female,No,21,No,0,6,8,5,12.8,0,0,6,10,6,11.857142857142858,0,7.6,2.6,0.32,Graduate,0285,6
Daytime,117.0,120.5,Yes,No,No,Yes,Male,No,19,No,0,6,12,0,0.0,1,0,6,0,0,0.0,0,9.4,-0.8,-3.12,Dropout,1474,6
Daytime,125.0,114.9,Yes,No,Yes,No,Female,No,21,No,0,6,8,3,13.666666666666666,0,0,6,7,3,10.666666666666666,0,15.5,2.8,-4.06,Dropout,1096,6
Daytime,144.0,126.5,Yes,No,No,Yes,Female,Yes,20,No,0,8,8,7,13.487142857142857,0,0,8,8,7,13.487142857142857,0,10.8,1.4,1.74,Graduate,0471,4
Daytime,120.0,120.0,Yes,No,No,Yes,Female,No,22,Yes,0,6,6,6,13.0,0,0,6,6,6,13.666666666666666,0,12.4,0.5,1.79,Graduate,0916,6
Evening,150.0,139.9,Yes,No,No,Yes,Female,No,24,No,0,6,9,5,13.0,0,0,6,6,6,14.166666666666666,0,9.4,-0.8,-3.12,Graduate,0612,6
Evening,145.7,145.7,Yes,No,No,Yes,Female,No,25,Yes,8,16,16,15,13.333333333333334,0,11,13,13,11,12.272727272727272,0,13.9,-0.3,0.79,Graduate,2551,6
Evening,120.0,152.4,No,No,No,Yes,Male,No,27,No,0,5,5,5,15.2,0,0,5,6,5,14.166666666666666,0,10.8,1.4,1.74,Graduate,3081,6
Daytime,146.0,127.0,No,No,No,Yes,Male,No,19,No,0,8,8,7,13.614285714285714,0,0,8,8,7,13.614285714285714,0,12.7,3.7,-1.7,Graduate,2351,6
Evening,133.1,126.3,No,No,No,Yes,Female,Yes,26,No,0,5,7,0,0.0,0,0,5,8,0,0.0,0,16.2,0.3,-0.92,Dropout,0214,6
Daytime,121.0,114.9,No,No,No,Yes,Male,Yes,21,No,0,7,9,6,13.342857142857143,0,0,8,10,7,11.65,0,12.4,0.5,1.79,Graduate,1638,6
Daytime,124.0,118.8,Yes,No,Yes,No,Female,No,22,No,6,10,16,6,11.833333333333334,0,2,7,8,2,13.0,0,16.2,0.3,-0.92,Dropout,0260,6
Evening,130.0,152.0,Yes,No,No,Yes,Female,No,27,No,0,5,0,0,0.0,0,0,5,0,0,0.0,0,8.9,1.4,3.51,Dropout,0196,6
Daytime,125.0,133.4,Yes,No,No,Yes,Male,Yes,20,No,0,6,8,6,12.0,0,0,6,8,6,11.5,0,13.9,-0.3,0.79,Graduate,2642,6
Evening,120.0,141.0,No,No,No,Yes,Female,No,29,No,10,15,15,11,11.454545454545457,0,9,13,16,11,11.545454545454543,0,10.8,1.4,1.74,Dropout,0596,6
Daytime,111.0,128.2,Yes,No,No,Yes,Male,No,23,No,0,8,8,8,12.5075,0,0,8,8,8,12.5075,0,9.4,-0.8,-3.12,Graduate,0560,6
Daytime,140.0,131.0,Yes,No,No,Yes,Female,Yes,18,No,0,8,8,8,13.88125,0,0,8,8,8,13.88125,0,9.4,-0.8,-3.12,Graduate,1391,5
Daytime,132.0,122.6,Yes,No,No,Yes,Female,Yes,18,No,0,6,7,6,12.285714285714286,0,0,6,6,6,12.0,0,8.9,1.4,3.51,Graduate,1954,3
Daytime,130.0,110.0,No,No,No,Yes,Male,No,32,No,8,18,27,13,13.714285714285714,1,7,12,18,12,12.083333333333334,0,15.5,2.8,-4.06,Graduate,2437,6
Daytime,138.0,124.9,Yes,No,No,Yes,Female,Yes,18,No,0,7,9,7,13.2375,0,0,8,9,7,13.742857142857144,0,13.9,-0.3,0.79,Dropout,0131,4
Daytime,135.0,132.8,Yes,No,No,Yes,Female,Yes,18,No,0,8,12,7,11.721428571428572,0,0,8,12,7,11.721428571428572,0,12.7,3.7,-1.7,Graduate,0505,5
Daytime,124.0,123.3,Yes,No,No,Yes,Female,Yes,20,No,0,8,8,7,14.901428571428571,1,0,8,8,7,14.901428571428571,1,9.4,-0.8,-3.12,Dropout,1107,5
Daytime,100.0,100.0,No,No,No,Yes,Female,No,24,No,0,6,6,6,12.166666666666666,0,0,6,6,6,13.833333333333334,0,7.6,2.6,0.32,Graduate,0286,6
Daytime,140.0,140.0,Yes,No,No,No,Female,No,21,Yes,0,6,6,6,11.5,0,0,6,10,4,13.25,0,13.9,-0.3,0.79,Graduate,1529,6
Daytime,148.0,131.9,Yes,No,No,Yes,Female,Yes,18,No,0,7,8,7,14.15,0,0,8,8,8,14.51125,0,15.5,2.8,-4.06,Graduate,4180,3
Daytime,160.0,120.0,No,No,No,Yes,Female,No,31,No,0,7,21,5,10.9,3,0,8,21,3,11.7,1,12.7,3.7,-1.7,Dropout,3051,6
Evening,133.1,140.0,No,No,Yes,Yes,Male,No,37,No,0,5,10,4,10.75,0,0,5,12,3,13.333333333333334,0,9.4,-0.8,-3.12,Dropout,4401,6
Daytime,120.0,113.0,Yes,No,No,Yes,Female,Yes,20,No,0,6,7,6,11.714285714285714,0,0,6,8,6,12.625,0,13.9,-0.3,0.79,Graduate,1280,6
Evening,133.1,123.5,No,No,No,Yes,Female,No,50,No,0,1,1,0,0.0,1,0,6,0,0,0.0,0,10.8,1.4,1.74,Dropout,2867,6
Daytime,123.0,116.7,No,No,No,Yes,Female,Yes,18,No,0,6,6,6,12.166666666666666,0,0,6,8,6,12.666666666666666,0,12.4,0.5,1.79,Graduate,2809,6
Daytime,108.0,111.9,No,No,No,Yes,Female,No,19,No,0,6,0,0,0.0,0,0,6,0,0,0.0,0,8.9,1.4,3.51,Dropout,2544,6
Daytime,130.0,129.1,Yes,No,No,Yes,Female,No,18,No,0,7,9,7,13.044444444444444,0,0,8,10,8,13.595,0,15.5,2.8,-4.06,Graduate,0056,6
Daytime,130.0,130.0,No,No,No,Yes,Female,No,39,No,0,6,10,0,0.0,0,0,6,6,0,0.0,0,12.4,0.5,1.79,Dropout,0057,6
Daytime,132.0,124.0,Yes,No,No,Yes,Male,No,21,No,0,5,7,3,12.333333333333334,0,0,5,5,4,11.25,0,7.6,2.6,0.32,Dropout,3710,5
Evening,140.0,139.0,No,No,No,Yes,Female,No,27,No,0,5,5,5,15.8,0,0,5,5,5,14.8,0,8.9,1.4,3.51,Graduate,0408,6
Daytime,140.0,140.0,No,No,No,Yes,Male,No,27,No,0,7,0,0,0.0,0,0,8,0,0,0.0,0,12.4,0.5,1.79,Dropout,1769,6
Daytime,153.0,146.7,No,No,No,Yes,Female,No,18,No,0,5,5,5,16.2,0,0,5,5,5,16.4,0,11.1,0.6,2.02,Graduate,0316,6
Daytime,126.0,118.7,No,No,No,Yes,Female,No,18,No,0,6,7,5,11.8,0,0,6,6,6,12.666666666666666,0,16.2,0.3,-0.92,Graduate,0499,6
Daytime,130.0,122.7,Yes,No,Yes,Yes,Male,Yes,20,No,0,6,7,0,0.0,0,0,6,6,0,0.0,0,8.9,1.4,3.51,Dropout,2464,2
Daytime,115.0,129.0,Yes,No,Yes,No,Female,Yes,23,No,0,0,0,0,0.0,0,0,0,0,0,0.0,0,9.4,-0.8,-3.12,Dropout,0846,6
Daytime,134.0,129.8,No,No,No,Yes,Female,Yes,20,No,0,6,6,6,11.666666666666666,0,0,6,8,6,11.166666666666666,0,15.5,2.8,-4.06,Graduate,3764,6
Daytime,120.0,115.5,Yes,No,Yes,Yes,Male,No,18,No,0,5,8,3,10.333333333333334,0,0,5,11,3,10.857142857142858,0,10.8,1.4,1.74,Dropout,0076,4
Daytime,133.1,115.8,No,No,No,No,Male,No,49,No,0,5,5,0,0.0,0,0,5,9,0,0.0,0,10.8,1.4,1.74,Dropout,2286,6
Daytime,130.0,123.4,Yes,No,No,Yes,Male,No,30,No,0,6,17,2,10.0,0,0,6,15,3,11.333333333333334,0,7.6,2.6,0.32,Dropout,0738,5
Daytime,121.0,111.9,Yes,No,No,Yes,Male,No,21,No,0,5,11,0,0.0,0,0,5,10,5,12.285714285714286,1,10.8,1.4,1.74,Graduate,1687,4
Daytime,126.0,125.7,Yes,No,No,Yes,Female,Yes,19,No,0,6,8,6,11.0,0,0,6,13,3,11.0,0,9.4,-0.8,-3.12,Graduate,3921,2
Daytime,152.0,168.5,Yes,No,No,Yes,Male,No,21,Yes,0,6,7,5,14.6,0,0,6,6,5,14.2,0,16.2,0.3,-0.92,Graduate,1178,5
Daytime,130.0,161.5,No,No,No,Yes,Male,No,36,No,0,6,7,6,15.285714285714286,0,0,6,6,6,16.5,0,10.8,1.4,1.74,Graduate,1763,6
Daytime,132.0,133.8,Yes,No,No,Yes,Female,Yes,20,No,0,6,6,6,13.833333333333334,0,0,6,6,6,13.5,0,16.2,0.3,-0.92,Graduate,4418,6
Daytime,112.0,106.1,No,No,No,Yes,Female,No,20,No,0,5,13,2,10.0,1,0,5,10,0,0.0,0,9.4,-0.8,-3.12,Dropout,4252,6
Daytime,136.0,123.1,Yes,No,No,Yes,Female,No,19,No,0,6,8,6,12.166666666666666,0,0,6,6,6,13.5,0,11.1,0.6,2.02,Graduate,1276,5
Daytime,100.0,134.4,No,No,No,Yes,Female,No,34,No,9,16,20,14,12.071428571428571,1,11,13,13,11,12.272727272727272,0,7.6,2.6,0.32,Graduate,3242,6
Daytime,120.0,112.7,No,No,No,Yes,Female,No,21,No,0,8,12,6,11.68,0,0,8,12,6,11.68,0,10.8,1.4,1.74,Graduate,1023,5
Daytime,161.0,148.4,No,No,No,Yes,Female,Yes,19,No,0,6,6,6,13.833333333333334,0,0,6,7,6,14.428571428571429,0,15.5,2.8,-4.06,Graduate,0373,6
Daytime,122.0,116.1,Yes,No,No,Yes,Female,No,18,No,0,6,13,6,13.153846153846152,0,0,6,12,3,11.0,0,15.5,2.8,-4.06,Graduate,2526,5
Evening,140.0,150.0,No,No,Yes,Yes,Male,No,35,No,0,5,6,5,10.8,0,0,5,7,5,12.0,2,9.4,-0.8,-3.12,Dropout,1778,6
Daytime,127.0,130.5,Yes,No,No,Yes,Female,Yes,21,No,0,5,6,5,12.8,1,0,5,7,4,11.25,0,9.4,-0.8,-3.12,Graduate,2059,6
Daytime,120.0,155.8,No,No,No,Yes,Male,No,29,No,0,6,9,6,16.11111111111111,0,0,6,7,6,13.5,0,13.9,-0.3,0.79,Graduate,1491,6
Daytime,124.0,119.8,No,No,No,Yes,Male,No,19,No,0,8,11,7,13.867142857142856,0,0,8,11,7,13.867142857142856,0,10.8,1.4,1.74,Graduate,2655,2
Daytime,110.0,110.0,No,No,No,Yes,Female,No,52,No,11,15,26,14,10.466666666666669,0,9,12,16,12,10.923076923076923,0,13.9,-0.3,0.79,Graduate,1553,6
Daytime,139.0,135.0,Yes,No,No,Yes,Female,Yes,18,No,0,8,8,7,12.214285714285714,0,0,8,8,7,12.214285714285714,0,12.7,3.7,-1.7,Graduate,2518,4
Daytime,140.0,129.2,Yes,No,No,Yes,Female,No,26,No,0,5,6,0,0.0,0,0,5,0,0,0.0,0,15.5,2.8,-4.06,Dropout,1766,6
Daytime,157.0,146.2,Yes,No,No,Yes,Female,Yes,20,No,0,6,8,6,15.25,0,0,6,7,6,14.714285714285714,0,11.1,0.6,2.02,Graduate,3223,6
Daytime,120.0,120.0,No,No,Yes,No,Male,No,20,No,0,6,11,0,0.0,6,0,6,12,0,0.0,12,16.2,0.3,-0.92,Dropout,0534,6
Daytime,137.0,130.4,Yes,No,No,Yes,Male,No,19,No,0,0,0,0,0.0,0,0,0,0,0,0.0,0,15.5,2.8,-4.06,Graduate,4292,6
Evening,133.1,114.7,No,No,No,Yes,Female,No,34,Yes,2,2,2,2,10.5,0,1,1,1,1,11.0,0,10.8,1.4,1.74,Dropout,2624,6
Evening,133.1,121.0,No,No,Yes,No,Female,No,44,No,2,8,12,4,12.0,2,2,7,9,4,12.0,2,8.9,1.4,3.51,Dropout,3812,6
Daytime,130.0,140.0,No,No,No,Yes,Male,No,34,No,0,5,10,3,11.666666666666666,1,0,5,7,4,12.75,0,9.4,-0.8,-3.12,Graduate,0734,5
Daytime,140.0,129.9,Yes,No,No,Yes,Female,No,18,No,0,7,8,7,12.92875,0,0,8,8,8,14.0625,0,15.5,2.8,-4.06,Dropout,0448,5
Daytime,140.0,160.0,No,No,No,Yes,Female,No,27,No,0,8,8,7,15.94285714285714,0,0,8,8,7,15.94285714285714,0,12.7,3.7,-1.7,Graduate,3089,6
Daytime,122.0,119.9,No,No,No,Yes,Male,No,18,No,0,6,8,5,11.0,0,0,6,6,4,10.75,0,9.4,-0.8,-3.12,Graduate,3210,5
Daytime,140.0,97.0,Yes,No,No,Yes,Female,No,28,No,0,5,5,0,0.0,0,0,5,5,0,0.0,0,7.6,2.6,0.32,Dropout,0229,5
Daytime,120.0,120.0,No,No,No,Yes,Male,No,21,No,2,7,10,6,13.428571428571429,0,5,9,9,8,13.125,0,16.2,0.3,-0.92,Graduate,1736,6
Daytime,131.0,120.2,Yes,No,No,Yes,Female,No,21,No,0,5,10,4,11.75,0,0,5,6,5,11.6,0,12.4,0.5,1.79,Graduate,3142,5
Daytime,124.0,126.8,No,No,No,Yes,Male,Yes,21,No,0,6,8,5,13.833333333333334,0,0,6,6,4,14.0,0,13.9,-0.3,0.79,Graduate,3589,6
Daytime,150.0,137.0,No,No,No,Yes,Male,No,35,No,1,6,7,5,12.8,0,1,6,11,5,13.833333333333334,0,15.5,2.8,-4.06,Graduate,2645,6
Daytime,121.0,111.9,Yes,No,No,Yes,Male,No,19,No,0,6,6,6,14.166666666666666,0,0,6,6,6,14.0,0,13.9,-0.3,0.79,Graduate,3705,5
Daytime,135.0,121.0,Yes,No,No,Yes,Male,Yes,18,No,0,5,8,5,12.75,0,0,5,7,5,11.5,0,13.9,-0.3,0.79,Graduate,2395,4
Daytime,147.0,131.6,No,No,No,Yes,Female,No,18,No,0,7,8,6,13.958333333333334,0,0,8,8,8,14.71875,0,11.1,0.6,2.02,Graduate,3022,6
Daytime,163.3,163.3,No,No,No,Yes,Female,No,18,Yes,0,6,10,6,13.5,0,0,6,12,6,12.0,0,12.4,0.5,1.79,Graduate,2514,5
Daytime,134.0,120.3,Yes,No,No,Yes,Female,Yes,18,No,0,8,8,7,12.082857142857142,0,0,8,8,7,12.082857142857142,0,10.8,1.4,1.74,Graduate,0431,4
Evening,170.0,101.0,No,No,No,Yes,Female,No,32,No,0,6,9,4,12.0,0,0,6,12,4,11.5,0,7.6,2.6,0.32,Graduate,0288,6
Daytime,119.0,115.0,Yes,No,No,Yes,Male,Yes,20,No,0,7,14,1,13.0,0,0,7,15,0,0.0,0,11.1,0.6,2.02,Dropout,1872,1
Daytime,131.0,131.7,Yes,No,No,No,Female,No,18,No,0,6,0,0,0.0,0,0,6,0,0,0.0,0,12.7,3.7,-1.7,Dropout,1729,6
Daytime,144.0,140.2,Yes,No,No,Yes,Female,No,20,No,0,6,0,0,0.0,0,0,6,0,0,0.0,0,16.2,0.3,-0.92,Dropout,2993,5
Daytime,147.0,148.4,Yes,No,No,Yes,Male,Yes,20,No,8,14,15,12,10.923076923076923,0,7,13,14,11,12.181818181818182,0,11.1,0.6,2.02,Graduate,4291,6
Daytime,130.0,130.0,No,No,No,Yes,Female,No,27,No,0,5,9,3,12.0,0,0,5,11,4,13.625,0,10.8,1.4,1.74,Graduate,1206,6
Daytime,135.0,128.0,Yes,No,No,Yes,Female,Yes,19,No,0,6,6,6,14.0,0,0,6,8,6,13.125,0,10.8,1.4,1.74,Graduate,2982,6
Daytime,110.0,109.0,No,No,No,Yes,Male,Yes,19,No,0,6,7,6,13.142857142857142,0,0,6,8,6,14.166666666666666,0,15.5,2.8,-4.06,Graduate,2653,6
Daytime,150.0,142.7,No,No,Yes,Yes,Female,No,18,No,0,6,9,4,11.0,0,0,6,12,3,11.333333333333334,0,7.6,2.6,0.32,Dropout,3370,6
Daytime,140.0,130.2,Yes,No,No,Yes,Female,Yes,18,No,0,6,8,6,12.75,0,0,6,10,6,12.166666666666666,0,12.7,3.7,-1.7,Graduate,1715,3
Evening,120.0,141.0,No,No,No,Yes,Male,Yes,32,No,5,10,12,10,13.8,0,5,10,10,10,12.8,0,10.8,1.4,1.74,Graduate,2754,6
Daytime,120.0,110.0,No,No,No,No,Male,No,32,No,0,5,9,0,0.0,1,0,5,5,0,0.0,0,9.4,-0.8,-3.12,Dropout,2378,6
Daytime,131.0,118.4,No,No,No,Yes,Female,No,20,No,0,6,11,6,14.125,0,0,6,10,5,12.6,0,13.9,-0.3,0.79,Graduate,2951,6
Daytime,148.0,163.4,Yes,No,No,Yes,Female,No,20,No,0,6,7,6,11.5,0,0,6,6,6,12.0,0,16.2,0.3,-0.92,Graduate,0190,3
Daytime,121.0,117.9,Yes,No,No,Yes,Female,No,19,No,0,6,7,6,12.833333333333334,0,0,6,7,6,11.666666666666666,0,11.1,0.6,2.02,Graduate,1905,6
Daytime,130.0,130.0,Yes,No,No,Yes,Male,No,29,No,1,6,10,6,17.11111111111111,0,2,6,9,6,15.571428571428571,0,13.9,-0.3,0.79,Graduate,3211,6
Daytime,129.0,118.5,Yes,No,No,Yes,Female,No,18,No,0,6,6,6,10.666666666666666,0,0,6,6,6,11.5,0,7.6,2.6,0.32,Graduate,1424,6
Daytime,141.0,142.8,No,No,No,Yes,Female,No,18,No,0,7,7,7,13.7,0,0,8,9,8,13.994444444444444,0,11.1,0.6,2.02,Graduate,1332,6
Evening,133.1,133.2,No,No,No,No,Male,No,43,No,0,5,13,2,11.5,0,0,5,12,3,10.8,0,13.9,-0.3,0.79,Dropout,3497,6
Daytime,143.0,128.0,Yes,No,No,Yes,Female,No,19,No,0,6,11,0,0.0,0,0,6,0,0,0.0,0,9.4,-0.8,-3.12,Dropout,0305,5
Evening,133.1,151.5,No,No,Yes,No,Male,No,45,No,0,6,7,0,0.0,0,0,5,5,0,0.0,0,16.2,0.3,-0.92,Dropout,2476,6
Daytime,145.0,127.3,Yes,No,No,Yes,Male,No,18,No,0,8,8,7,11.69,0,0,8,8,7,11.69,0,10.8,1.4,1.74,Graduate,0533,5
Evening,160.0,120.0,No,No,No,Yes,Female,No,30,No,4,7,9,7,14.142857142857142,0,1,5,5,5,14.8,0,7.6,2.6,0.32,Graduate,0422,6
Daytime,129.0,127.6,Yes,No,No,Yes,Male,No,19,No,0,5,8,5,11.6,0,0,5,9,3,11.0,0,10.8,1.4,1.74,Dropout,2218,5
Daytime,124.0,119.1,Yes,No,No,Yes,Male,No,18,No,0,0,0,0,0.0,0,0,0,0,0,0.0,0,16.2,0.3,-0.92,Dropout,2232,6
Daytime,119.0,112.0,Yes,No,No,No,Male,No,20,No,0,5,5,0,0.0,0,0,5,0,0,0.0,0,9.4,-0.8,-3.12,Dropout,1460,6
Daytime,130.0,121.6,No,No,No,Yes,Female,No,19,No,0,6,7,6,14.714285714285714,0,0,6,6,6,15.833333333333334,0,12.4,0.5,1.79,Graduate,2538,6
Evening,133.1,118.1,Yes,No,No,Yes,Female,No,39,No,0,5,9,0,0.0,0,0,5,5,2,12.5,0,7.6,2.6,0.32,Dropout,2931,6
Evening,130.0,130.0,No,No,No,Yes,Female,No,26,No,5,10,13,8,12.666666666666666,0,5,10,12,10,13.4,0,11.1,0.6,2.02,Graduate,3933,6
Daytime,102.0,102.0,No,No,No,Yes,Female,No,19,No,0,6,8,5,11.8,0,0,6,8,5,11.6,0,10.8,1.4,1.74,Graduate,0585,6
Daytime,133.1,128.2,Yes,No,No,Yes,Female,No,20,No,5,12,13,12,11.23076923076923,0,3,11,18,9,12.77777777777778,0,11.1,0.6,2.02,Graduate,3995,6
Daytime,130.0,119.9,Yes,No,Yes,Yes,Male,No,20,No,0,5,5,0,0.0,0,0,5,5,0,0.0,5,9.4,-0.8,-3.12,Dropout,2703,6
Daytime,100.0,120.0,No,No,Yes,Yes,Female,Yes,39,No,0,5,6,5,10.6,0,0,5,7,4,10.75,0,9.4,-0.8,-3.12,Graduate,3150,6
Daytime,140.0,126.0,Yes,No,No,Yes,Female,No,19,No,0,6,0,0,0.0,0,0,6,12,0,0.0,0,10.8,1.4,1.74,Dropout,1952,5
Daytime,130.0,130.0,No,No,No,Yes,Male,No,37,No,11,16,23,15,11.733333333333333,0,6,11,17,9,11.88888888888889,0,15.5,2.8,-4.06,Graduate,2756,6
Evening,145.0,127.5,Yes,No,No,Yes,Male,No,22,No,0,5,9,5,12.428571428571429,1,0,5,7,5,11.8,0,7.6,2.6,0.32,Graduate,1299,6
Evening,133.1,102.5,No,No,No,Yes,Female,Yes,27,No,0,6,16,1,10.0,0,0,6,13,0,0.0,0,8.9,1.4,3.51,Dropout,0219,6
Daytime,133.1,120.5,No,No,No,No,Male,No,32,No,0,6,10,2,11.0,0,0,6,12,0,0.0,0,7.6,2.6,0.32,Dropout,3855,6
Daytime,150.0,130.8,Yes,No,No,Yes,Female,No,18,No,0,8,8,7,13.614285714285714,0,0,8,8,7,13.614285714285714,0,12.7,3.7,-1.7,Graduate,2135,4
Daytime,111.0,105.4,No,No,No,Yes,Female,No,20,No,0,5,6,5,13.333333333333334,0,0,5,6,5,13.2,0,7.6,2.6,0.32,Graduate,1122,4
Evening,143.0,131.5,No,No,No,Yes,Male,No,19,No,0,5,11,4,11.0,0,0,5,8,4,12.25,0,15.5,2.8,-4.06,Dropout,4269,5
Daytime,140.0,140.0,Yes,No,No,Yes,Male,No,38,No,14,18,18,18,14.5,0,13,18,18,18,14.5,0,16.2,0.3,-0.92,Graduate,3567,6
Daytime,133.1,150.0,No,No,No,Yes,Male,No,21,No,0,6,8,6,14.75,0,0,6,9,5,14.333333333333334,0,11.1,0.6,2.02,Graduate,3871,6
Daytime,141.0,126.8,Yes,No,No,Yes,Female,No,18,No,0,8,8,7,12.944285714285714,0,0,8,8,7,12.944285714285714,0,10.8,1.4,1.74,Graduate,1908,1
Daytime,182.0,156.8,Yes,No,No,Yes,Female,No,18,No,0,6,6,6,12.666666666666666,0,0,6,8,6,13.25,0,10.8,1.4,1.74,Graduate,2130,6
Daytime,140.0,136.5,Yes,No,No,Yes,Female,Yes,18,No,0,7,7,7,14.838571428571427,0,0,8,9,8,14.8,0,12.4,0.5,1.79,Graduate,4015,6
Daytime,128.0,123.3,Yes,No,No,Yes,Female,Yes,20,No,0,6,6,6,14.833333333333334,0,0,6,8,6,12.142857142857142,0,8.9,1.4,3.51,Graduate,1972,6
Daytime,136.0,123.4,Yes,No,No,Yes,Female,Yes,19,No,0,5,8,5,13.166666666666666,2,0,5,5,5,12.8,0,9.4,-0.8,-3.12,Graduate,3019,5
Daytime,130.0,122.3,Yes,No,No,Yes,Female,No,18,No,0,5,10,5,14.333333333333334,2,0,5,8,5,13.0,1,9.4,-0.8,-3.12,Graduate,1554,5
Daytime,149.0,137.1,Yes,No,No,Yes,Female,Yes,18,No,0,5,7,4,13.25,0,0,5,5,5,12.0,0,10.8,1.4,1.74,Graduate,0015,6
Daytime,127.0,120.7,Yes,No,Yes,Yes,Male,No,18,No,0,0,0,0,0.0,0,0,0,0,0,0.0,0,7.6,2.6,0.32,Dropout,3681,6
Daytime,140.0,140.0,Yes,No,No,Yes,Female,Yes,20,No,0,6,8,6,15.625,0,0,6,8,6,15.857142857142858,0,13.9,-0.3,0.79,Graduate,0213,6
Daytime,158.0,138.1,Yes,No,No,Yes,Female,No,19,No,0,6,8,4,12.5,0,0,6,11,1,14.0,0,7.6,2.6,0.32,Dropout,1078,6
Daytime,118.0,111.0,Yes,No,No,Yes,Female,No,21,No,0,6,6,6,12.5,0,0,6,6,6,12.666666666666666,0,7.6,2.6,0.32,Graduate,3676,6
Daytime,120.0,120.0,Yes,No,No,Yes,Female,No,21,No,9,13,14,13,13.615384615384617,1,6,12,12,12,14.25,0,13.9,-0.3,0.79,Graduate,0407,6
Daytime,133.0,130.8,Yes,No,No,Yes,Female,No,19,No,0,8,8,8,13.427499999999998,0,0,8,8,8,13.427499999999998,0,9.4,-0.8,-3.12,Graduate,1839,4
Daytime,150.0,132.5,Yes,No,No,No,Female,No,20,Yes,0,6,9,5,13.0,0,0,6,7,6,13.5,0,13.9,-0.3,0.79,Graduate,0523,6
Daytime,120.0,111.3,No,No,No,Yes,Female,No,20,No,0,6,0,0,0.0,0,0,6,0,0,0.0,0,11.1,0.6,2.02,Dropout,3234,4
Daytime,137.0,131.4,Yes,No,No,Yes,Male,No,22,No,0,5,8,2,10.0,0,0,5,7,1,10.0,0,7.6,2.6,0.32,Dropout,2037,6
Daytime,151.0,146.5,No,No,No,Yes,Female,Yes,18,Yes,0,6,6,6,13.333333333333334,0,0,6,6,6,14.166666666666666,0,12.7,3.7,-1.7,Graduate,3931,6
Daytime,135.0,127.0,Yes,No,No,Yes,Female,No,18,No,0,7,7,7,14.424285714285714,0,0,8,8,8,13.9375,0,11.1,0.6,2.02,Graduate,3239,3
Daytime,143.0,133.9,No,No,No,Yes,Female,Yes,18,No,0,5,5,5,15.0,0,0,5,5,5,15.2,0,12.7,3.7,-1.7,Graduate,0586,6
Evening,130.0,111.9,No,No,Yes,Yes,Female,No,36,No,0,5,5,0,0.0,0,0,5,5,0,0.0,0,12.7,3.7,-1.7,Dropout,2933,6
Daytime,124.0,126.1,Yes,No,No,Yes,Male,No,20,No,0,5,7,4,13.0,0,0,5,9,5,14.833333333333334,3,7.6,2.6,0.32,Graduate,1490,1
Daytime,125.0,115.9,No,No,No,Yes,Female,No,19,No,0,6,13,4,11.75,0,0,6,10,4,11.0,0,10.8,1.4,1.74,Graduate,0655,6
Daytime,148.0,143.5,No,No,No,Yes,Female,No,18,No,0,6,6,6,13.0,0,0,6,6,6,12.833333333333334,0,10.8,1.4,1.74,Graduate,2580,6
Daytime,134.0,132.8,Yes,No,No,Yes,Female,Yes,19,No,0,8,8,7,13.512857142857142,0,0,8,8,7,13.512857142857142,0,10.8,1.4,1.74,Graduate,1796,4
Daytime,133.1,136.0,No,No,No,Yes,Male,No,41,No,18,19,19,19,12.68421052631579,0,12,13,13,13,12.384615384615383,0,15.5,2.8,-4.06,Graduate,0692,6
Daytime,136.0,121.7,Yes,No,No,Yes,Female,Yes,21,No,0,6,9,5,12.333333333333334,0,0,6,7,5,11.8,0,13.9,-0.3,0.79,Graduate,2780,5
Evening,133.1,112.5,No,No,No,Yes,Female,No,32,No,0,6,8,5,13.8,0,0,6,7,6,12.166666666666666,0,9.4,-0.8,-3.12,Graduate,1202,6
Daytime,133.0,126.0,No,No,No,Yes,Male,No,18,No,0,5,7,3,13.666666666666666,0,0,5,5,5,13.2,0,7.6,2.6,0.32,Graduate,0963,6
Daytime,136.0,126.6,Yes,No,No,Yes,Female,No,18,No,0,6,6,6,16.5,0,0,6,7,6,17.428571428571427,0,11.1,0.6,2.02,Dropout,1005,5
Daytime,133.1,102.0,Yes,No,No,Yes,Female,Yes,20,No,0,6,7,6,13.666666666666666,0,0,6,7,6,14.571428571428571,0,11.1,0.6,2.02,Graduate,2744,6
Daytime,126.0,122.5,Yes,No,No,Yes,Male,No,19,No,0,5,12,3,12.0,0,0,5,10,3,12.0,0,12.4,0.5,1.79,Dropout,0551,2
Daytime,125.0,125.0,Yes,No,No,Yes,Female,No,21,No,0,5,6,0,0.0,5,0,5,6,4,13.75,1,10.8,1.4,1.74,Graduate,3748,6
Daytime,142.0,141.3,No,No,No,Yes,Female,Yes,19,No,0,6,7,6,14.714285714285714,0,0,6,6,6,15.166666666666666,0,13.9,-0.3,0.79,Graduate,2803,6
Daytime,127.0,126.3,Yes,No,Yes,Yes,Male,No,21,No,0,0,0,0,0.0,0,0,0,0,0,0.0,0,16.2,0.3,-0.92,Dropout,2701,6
Daytime,147.0,124.5,Yes,No,No,Yes,Female,Yes,19,No,0,8,11,7,12.86,0,0,8,11,7,12.86,0,10.8,1.4,1.74,Graduate,0396,3
Daytime,133.8,184.0,No,No,No,Yes,Female,No,28,No,0,7,9,7,17.005555555555556,0,1,8,9,8,16.582222222222224,0,15.5,2.8,-4.06,Graduate,1127,6
Daytime,141.0,130.9,Yes,No,No,Yes,Female,No,18,No,0,6,7,6,13.5,0,0,6,8,5,12.6,0,7.6,2.6,0.32,Graduate,2561,2
Daytime,133.1,101.5,Yes,No,No,Yes,Female,No,24,No,0,7,0,0,0.0,0,0,7,0,0,0.0,0,10.8,1.4,1.74,Dropout,4114,5
Daytime,150.0,135.6,No,No,No,Yes,Female,Yes,43,No,0,6,8,5,11.0,0,0,6,9,5,13.0,0,12.4,0.5,1.79,Graduate,3949,6
Daytime,127.0,116.9,Yes,No,Yes,Yes,Female,No,18,No,0,6,7,5,12.2,0,0,6,10,4,12.25,0,12.4,0.5,1.79,Dropout,3173,4
Daytime,150.0,130.8,No,No,No,Yes,Male,Yes,22,No,0,7,7,7,14.842857142857142,0,0,8,9,8,15.055555555555555,0,16.2,0.3,-0.92,Graduate,0079,3
Daytime,122.0,125.9,Yes,No,No,Yes,Male,Yes,20,No,0,6,6,6,15.5,0,0,6,7,6,12.166666666666666,0,12.4,0.5,1.79,Graduate,0755,4
Daytime,138.0,130.0,Yes,No,No,Yes,Female,No,18,No,0,7,8,7,14.85,0,0,8,8,8,15.2,0,13.9,-0.3,0.79,Dropout,1053,4
Daytime,160.0,154.4,No,No,No,Yes,Female,Yes,18,No,0,7,9,7,15.116666666666667,0,0,8,9,8,16.168888888888887,0,15.5,2.8,-4.06,Graduate,0303,6
Daytime,137.0,136.3,No,No,No,Yes,Female,No,18,No,0,5,9,4,11.25,0,0,5,6,4,11.0,0,8.9,1.4,3.51,Graduate,3007,3
Evening,133.1,97.0,No,No,No,Yes,Female,Yes,35,No,0,6,8,6,10.833333333333334,0,0,6,7,6,11.5,0,10.8,1.4,1.74,Graduate,0922,6
Daytime,163.0,143.1,No,No,No,Yes,Male,No,18,No,0,0,0,0,0.0,0,0,0,0,0,0.0,0,9.4,-0.8,-3.12,Graduate,0870,6
Daytime,120.0,118.3,No,No,Yes,No,Male,Yes,18,No,0,6,11,5,12.166666666666666,0,0,6,15,3,12.0,0,13.9,-0.3,0.79,Dropout,0731,6
Daytime,146.0,140.0,Yes,No,No,Yes,Female,No,18,No,0,8,8,7,14.828571428571427,0,0,8,8,7,14.828571428571427,0,12.7,3.7,-1.7,Graduate,0267,3
Daytime,121.0,122.4,No,No,No,Yes,Female,No,18,No,0,6,7,6,12.857142857142858,0,0,6,6,6,13.333333333333334,0,13.9,-0.3,0.79,Graduate,1998,6
Evening,133.1,138.3,No,No,No,Yes,Male,No,44,No,0,5,9,3,11.333333333333334,0,0,5,8,5,11.142857142857142,0,13.9,-0.3,0.79,Dropout,2273,6
Daytime,131.0,139.8,Yes,No,No,Yes,Female,No,19,No,0,5,6,5,13.4,0,0,5,5,5,12.8,0,10.8,1.4,1.74,Graduate,0113,6
Daytime,150.0,142.7,Yes,No,No,Yes,Female,Yes,18,No,0,6,6,6,14.666666666666666,0,0,6,6,6,15.166666666666666,0,9.4,-0.8,-3.12,Graduate,4212,6
Daytime,125.0,117.3,Yes,No,No,Yes,Male,Yes,21,No,0,0,0,0,0.0,0,0,0,0,0,0.0,0,10.8,1.4,1.74,Graduate,3161,5
Daytime,131.0,121.9,Yes,No,No,Yes,Female,No,20,No,0,6,6,6,13.5,0,0,6,6,0,0.0,0,12.7,3.7,-1.7,Dropout,1655,5
Daytime,140.0,105.7,Yes,No,No,Yes,Female,No,27,No,0,8,8,8,13.81375,0,0,8,8,8,13.81375,0,9.4,-0.8,-3.12,Graduate,3226,6
Daytime,128.0,118.2,No,No,No,Yes,Female,No,19,No,0,6,6,6,11.666666666666666,0,0,6,6,6,11.5,0,12.7,3.7,-1.7,Graduate,3115,6
Daytime,123.0,127.2,No,No,Yes,No,Male,No,20,No,0,5,7,3,11.333333333333334,0,0,5,8,2,11.5,0,7.6,2.6,0.32,Dropout,4239,6
Daytime,147.0,135.8,Yes,No,No,Yes,Female,No,20,No,0,6,6,6,13.666666666666666,0,0,6,6,6,13.333333333333334,0,9.4,-0.8,-3.12,Graduate,3807,4
Daytime,145.0,145.0,No,No,No,Yes,Female,Yes,19,No,0,6,7,6,12.833333333333334,0,0,6,6,6,13.166666666666666,0,12.4,0.5,1.79,Graduate,3984,6
Daytime,130.0,122.3,No,No,No,Yes,Female,No,19,No,0,7,7,6,14.35,0,0,7,7,6,14.35,0,7.6,2.6,0.32,Graduate,3399,2
Daytime,116.0,116.4,Yes,No,No,Yes,Female,No,18,No,0,6,6,6,13.166666666666666,0,0,6,6,6,13.166666666666666,0,8.9,1.4,3.51,Graduate,1942,6
Daytime,142.0,137.3,Yes,No,No,Yes,Female,Yes,22,No,0,7,7,6,13.9,0,0,7,7,6,13.9,0,7.6,2.6,0.32,Graduate,3901,4
Daytime,130.0,130.0,No,No,No,Yes,Female,No,36,No,0,7,7,0,0.0,7,0,7,7,0,0.0,7,16.2,0.3,-0.92,Dropout,2957,6
Daytime,130.0,143.8,No,No,No,Yes,Male,No,27,No,0,8,8,7,15.57,0,0,8,8,7,15.57,0,10.8,1.4,1.74,Dropout,1783,6
Daytime,113.0,110.2,Yes,No,Yes,Yes,Female,No,19,No,0,6,6,5,11.6,0,0,6,6,6,12.5,0,8.9,1.4,3.51,Graduate,1395,2
Daytime,141.0,132.5,Yes,No,No,Yes,Female,Yes,18,No,0,8,8,8,13.39125,0,0,8,8,8,13.39125,0,9.4,-0.8,-3.12,Graduate,0338,3
Daytime,121.0,117.5,Yes,No,No,Yes,Female,No,18,No,0,6,7,6,10.571428571428571,0,0,6,11,3,11.666666666666666,0,16.2,0.3,-0.92,Graduate,0326,6
Daytime,170.0,170.0,Yes,No,Yes,Yes,Male,No,21,No,0,6,7,6,15.285714285714286,0,0,6,6,6,15.166666666666666,0,12.4,0.5,1.79,Graduate,2215,6
Daytime,114.0,111.9,No,No,No,No,Male,No,18,No,0,0,0,0,0.0,0,0,0,0,0,0.0,0,9.4,-0.8,-3.12,Dropout,1447,6
Daytime,120.0,119.8,No,No,No,Yes,Male,No,21,No,2,7,7,2,12.0,0,5,9,10,7,12.142857142857142,0,12.4,0.5,1.79,Dropout,0863,6
Daytime,133.1,118.0,No,No,No,No,Male,No,33,No,0,5,11,0,0.0,0,0,5,5,0,0.0,0,9.4,-0.8,-3.12,Dropout,0973,5
Daytime,140.0,120.4,No,No,Yes,No,Female,No,39,No,0,6,0,0,0.0,0,0,6,0,0,0.0,0,9.4,-0.8,-3.12,Dropout,0516,5
Evening,140.0,140.0,No,No,No,Yes,Male,No,27,No,0,5,6,4,13.5,0,0,5,6,4,13.75,0,7.6,2.6,0.32,Graduate,1788,6
Daytime,143.0,130.6,Yes,No,No,Yes,Female,No,20,No,0,7,8,7,12.847142857142858,0,0,8,10,8,13.788888888888888,0,16.2,0.3,-0.92,Graduate,0618,6
Daytime,100.0,122.0,No,No,No,Yes,Female,No,24,No,0,8,8,7,12.412857142857144,0,0,8,8,7,12.412857142857144,0,10.8,1.4,1.74,Graduate,4257,6
Daytime,116.0,119.9,Yes,No,No,Yes,Female,No,20,No,0,6,6,6,12.333333333333334,0,0,6,6,6,12.333333333333334,0,12.4,0.5,1.79,Graduate,1016,6
Daytime,133.1,115.0,No,No,No,Yes,Female,No,18,No,0,6,10,2,10.5,0,0,6,13,0,0.0,0,7.6,2.6,0.32,Dropout,4364,4
Daytime,133.1,100.0,No,No,No,Yes,Female,No,30,No,0,6,6,0,0.0,0,0,6,6,0,0.0,0,11.1,0.6,2.02,Dropout,2591,6
Daytime,135.0,123.5,Yes,No,No,Yes,Female,Yes,19,No,0,7,8,7,12.285714285714286,0,0,8,10,8,11.7375,0,12.4,0.5,1.79,Graduate,0673,3
Daytime,140.0,137.5,No,No,Yes,Yes,Female,Yes,23,Yes,3,6,7,6,13.142857142857142,0,2,6,6,6,14.0,0,12.4,0.5,1.79,Graduate,0682,6
Daytime,139.0,126.0,Yes,No,No,Yes,Male,No,18,No,0,8,15,5,12.288,1,0,8,15,5,12.288,1,10.8,1.4,1.74,Dropout,1801,4
Daytime,150.0,150.0,Yes,No,No,Yes,Male,No,27,No,0,5,10,1,14.0,0,0,5,0,0,0.0,0,8.9,1.4,3.51,Dropout,0537,6
Daytime,139.0,130.5,Yes,No,No,Yes,Female,No,19,No,0,8,8,7,14.992857142857142,0,0,8,8,7,14.992857142857142,0,10.8,1.4,1.74,Graduate,4234,2
Daytime,135.0,122.8,No,No,No,Yes,Female,No,18,No,0,6,7,6,14.0,0,0,6,7,6,14.0,0,10.8,1.4,1.74,Graduate,0264,6
Daytime,130.0,154.9,No,No,Yes,No,Male,No,35,No,0,6,8,5,16.166666666666668,0,0,6,10,4,16.0,0,8.9,1.4,3.51,Dropout,2193,6
Daytime,129.0,122.0,Yes,No,No,Yes,Male,No,19,No,0,5,8,5,11.6,1,0,5,10,4,10.75,0,9.4,-0.8,-3.12,Graduate,3691,1
Daytime,152.0,139.0,Yes,No,No,Yes,Female,No,18,No,0,7,7,6,14.333333333333334,0,0,7,7,6,14.333333333333334,0,7.6,2.6,0.32,Graduate,1326,5
Daytime,168.0,149.5,No,No,No,Yes,Female,No,18,No,0,6,10,6,17.0,0,0,6,11,6,16.0,0,12.4,0.5,1.79,Graduate,4222,6
Daytime,131.0,123.3,Yes,No,No,Yes,Male,Yes,19,No,0,5,9,5,12.6,0,0,5,8,2,12.5,0,8.9,1.4,3.51,Dropout,3694,2
Evening,133.1,105.3,No,No,Yes,Yes,Female,No,28,No,0,5,14,2,10.5,0,0,5,6,0,0.0,0,12.4,0.5,1.79,Dropout,4324,6
Daytime,110.0,140.0,No,No,No,Yes,Male,No,43,No,0,7,7,0,0.0,0,0,8,13,2,13.15,0,16.2,0.3,-0.92,Dropout,2677,6
Daytime,116.0,113.6,Yes,No,No,Yes,Female,Yes,22,No,0,5,6,3,14.0,0,0,5,8,5,12.4,0,11.1,0.6,2.02,Graduate,1563,3
Daytime,102.0,101.7,Yes,No,No,Yes,Female,Yes,20,No,0,5,6,5,11.8,0,0,5,6,5,11.6,0,8.9,1.4,3.51,Graduate,1015,5
Daytime,121.0,116.8,Yes,No,No,Yes,Female,No,23,No,15,17,18,17,11.5,0,16,17,17,17,12.176470588235292,0,12.4,0.5,1.79,Graduate,1895,6
Daytime,141.0,125.0,No,No,No,Yes,Male,No,22,No,0,6,6,0,0.0,0,0,6,7,0,0.0,0,11.1,0.6,2.02,Dropout,1380,6
Daytime,120.0,120.0,Yes,No,No,Yes,Male,No,23,No,2,7,8,5,12.2,0,5,9,10,7,12.142857142857142,1,16.2,0.3,-0.92,Dropout,0880,6
Daytime,130.0,133.0,Yes,No,No,Yes,Female,Yes,26,No,0,7,7,6,13.7,0,0,7,7,6,13.7,0,7.6,2.6,0.32,Graduate,0926,6
Daytime,145.0,160.1,No,No,No,Yes,Female,Yes,19,No,6,12,12,12,14.5,0,4,11,15,11,13.583333333333334,0,8.9,1.4,3.51,Graduate,2943,6
Evening,110.0,134.3,No,No,No,Yes,Male,No,24,No,0,5,10,0,0.0,0,0,5,7,1,12.0,0,10.8,1.4,1.74,Dropout,2626,6
Daytime,132.0,119.1,No,No,No,Yes,Female,No,18,No,0,5,11,0,0.0,0,0,5,8,0,0.0,0,9.4,-0.8,-3.12,Dropout,3475,2
Evening,120.0,138.1,No,No,No,Yes,Male,Yes,37,No,0,5,8,5,13.0,0,0,5,11,4,13.333333333333334,2,16.2,0.3,-0.92,Dropout,0706,6
Daytime,131.0,126.1,Yes,No,No,Yes,Female,No,18,No,0,6,8,6,12.142857142857142,0,0,6,6,6,11.166666666666666,0,8.9,1.4,3.51,Graduate,2522,5
Daytime,122.0,127.3,Yes,No,No,Yes,Male,No,20,No,0,0,0,0,0.0,0,0,0,0,0,0.0,0,10.8,1.4,1.74,Dropout,0001,2
Daytime,154.0,149.5,Yes,No,No,Yes,Female,Yes,30,No,0,7,8,7,14.9125,0,0,8,9,1,13.5,0,13.9,-0.3,0.79,Dropout,4422,6
Daytime,121.0,116.5,Yes,No,No,Yes,Female,No,23,No,0,5,7,3,11.333333333333334,0,0,5,5,4,11.25,0,7.6,2.6,0.32,Dropout,4255,6
Daytime,151.0,161.9,No,No,No,Yes,Female,No,18,No,0,5,6,4,13.75,0,0,5,8,5,14.857142857142858,0,7.6,2.6,0.32,Graduate,1074,6
Daytime,125.0,140.8,Yes,No,No,Yes,Male,No,22,No,0,6,6,6,14.666666666666666,0,0,6,6,6,15.0,0,9.4,-0.8,-3.12,Graduate,1686,2
Daytime,117.0,114.6,No,No,No,Yes,Female,Yes,18,No,0,6,7,6,12.142857142857142,0,0,6,6,6,13.333333333333334,0,13.9,-0.3,0.79,Graduate,3981,1
Daytime,137.0,121.0,No,No,No,Yes,Female,Yes,19,No,0,8,8,7,14.725714285714288,0,0,8,8,7,14.725714285714288,0,10.8,1.4,1.74,Graduate,0296,6
Daytime,150.0,150.0,No,No,No,Yes,Female,Yes,23,No,7,12,14,12,14.384615384615383,0,5,10,12,10,13.3,0,8.9,1.4,3.51,Graduate,1307,6
Daytime,140.0,143.0,No,No,No,Yes,Female,No,20,No,3,6,6,6,13.5,0,2,6,9,5,12.5,0,13.9,-0.3,0.79,Graduate,1978,6
Daytime,121.0,135.4,Yes,No,No,Yes,Female,Yes,19,No,0,6,6,6,13.333333333333334,0,0,6,10,5,13.4,0,8.9,1.4,3.51,Graduate,2827,5
Daytime,108.0,107.8,Yes,No,No,Yes,Female,Yes,20,No,0,7,10,6,12.357142857142858,0,0,8,9,7,13.0,0,13.9,-0.3,0.79,Graduate,3631,4
Daytime,145.0,136.6,No,No,No,Yes,Female,Yes,19,No,0,7,12,6,13.766666666666666,0,0,8,10,7,14.051428571428572,0,15.5,2.8,-4.06,Graduate,1115,6
Daytime,122.0,126.9,No,No,No,Yes,Female,No,21,No,0,6,8,6,11.714285714285714,0,0,6,7,6,12.0,0,7.6,2.6,0.32,Graduate,0215,6
Daytime,107.0,103.5,Yes,No,No,Yes,Female,No,20,No,0,6,7,6,12.0,0,0,6,7,6,13.0,0,12.4,0.5,1.79,Graduate,0333,6
Daytime,150.0,150.0,Yes,No,No,Yes,Male,No,20,No,0,6,8,6,13.125,0,0,6,10,6,13.2,0,16.2,0.3,-0.92,Graduate,1239,6
Daytime,133.1,120.0,Yes,No,No,Yes,Male,No,29,No,0,5,11,1,18.0,2,0,5,10,3,13.333333333333334,2,10.8,1.4,1.74,Dropout,2370,6
Daytime,115.0,108.7,Yes,No,No,Yes,Female,Yes,18,No,0,6,9,5,11.4,0,0,6,6,6,11.333333333333334,0,12.4,0.5,1.79,Graduate,1396,6
Daytime,128.0,100.0,Yes,No,No,Yes,Female,No,20,No,0,7,8,7,13.1,0,0,8,8,8,14.8125,0,13.9,-0.3,0.79,Graduate,1069,6
Daytime,121.0,111.9,Yes,No,No,Yes,Female,No,21,No,0,5,12,0,0.0,3,0,5,5,0,0.0,0,12.7,3.7,-1.7,Dropout,2822,2
Daytime,141.0,141.4,Yes,No,No,Yes,Female,Yes,18,No,0,0,0,0,0.0,0,0,0,0,0,0.0,0,13.9,-0.3,0.79,Graduate,3448,6
Daytime,138.0,133.5,Yes,No,No,Yes,Female,No,18,No,0,6,6,6,12.666666666666666,0,0,6,6,6,13.666666666666666,0,12.7,3.7,-1.7,Graduate,0508,5
Daytime,133.0,127.4,No,No,Yes,Yes,Female,Yes,18,No,0,7,7,7,12.714285714285714,0,0,7,7,7,12.285714285714286,0,16.2,0.3,-0.92,Graduate,3391,6
Daytime,130.0,120.0,No,No,Yes,No,Female,No,30,No,8,12,17,8,11.75,0,6,12,19,6,12.166666666666666,2,7.6,2.6,0.32,Dropout,0263,6
Daytime,120.0,118.0,No,No,No,Yes,Female,No,28,No,0,6,8,6,12.857142857142858,0,0,6,8,5,12.6,0,8.9,1.4,3.51,Graduate,2003,6
Evening,140.0,120.0,No,No,No,No,Female,No,38,No,0,5,6,5,10.6,0,0,5,9,2,11.0,0,12.7,3.7,-1.7,Dropout,0913,6
Evening,120.0,115.0,Yes,No,No,Yes,Male,No,27,No,0,5,9,1,10.0,0,0,5,5,0,0.0,0,12.7,3.7,-1.7,Dropout,1521,6
Daytime,119.0,115.2,No,No,No,Yes,Male,Yes,21,No,0,6,8,4,11.5,0,0,6,7,5,11.0,0,15.5,2.8,-4.06,Dropout,0877,6
Daytime,138.6,138.6,Yes,No,No,Yes,Male,No,20,No,0,6,10,4,11.5,0,0,6,11,3,11.666666666666666,0,7.6,2.6,0.32,Dropout,2234,6
Daytime,100.0,130.0,Yes,No,No,Yes,Female,No,25,No,0,14,14,12,13.291666666666666,1,0,14,14,12,13.291666666666666,1,7.6,2.6,0.32,Graduate,4340,6
Daytime,140.0,140.0,No,No,No,Yes,Male,No,20,No,0,6,12,3,11.5,0,0,6,12,3,13.666666666666666,0,12.4,0.5,1.79,Dropout,1449,6
Daytime,130.0,128.6,Yes,No,No,Yes,Female,No,18,No,0,7,7,7,14.728571428571428,0,0,8,11,8,16.327272727272728,0,16.2,0.3,-0.92,Graduate,0991,6
Daytime,125.0,116.3,Yes,No,No,Yes,Male,No,19,No,0,5,8,5,13.25,0,0,5,8,5,11.0,0,13.9,-0.3,0.79,Graduate,0550,5
Daytime,120.0,120.0,No,No,Yes,No,Female,No,28,No,0,7,7,0,0.0,7,0,7,7,0,0.0,7,13.9,-0.3,0.79,Dropout,1829,6
Daytime,150.0,134.6,No,No,No,Yes,Male,No,20,Yes,0,5,5,5,13.6,0,0,5,7,5,13.0,0,9.4,-0.8,-3.12,Graduate,4210,6
Daytime,138.0,141.0,No,No,No,Yes,Male,No,19,No,0,7,7,6,13.7,0,0,7,7,6,13.7,0,7.6,2.6,0.32,Graduate,1365,6
Daytime,160.0,160.0,Yes,No,No,Yes,Female,No,20,No,7,11,15,11,13.785714285714286,0,4,9,9,9,13.88888888888889,0,8.9,1.4,3.51,Graduate,3396,6
Daytime,133.1,136.0,No,No,No,Yes,Male,No,31,No,0,5,12,1,12.0,0,0,5,9,1,11.0,4,16.2,0.3,-0.92,Dropout,0526,6
Daytime,127.0,121.1,Yes,No,No,Yes,Male,No,19,No,0,7,10,6,13.666666666666666,0,0,7,9,6,12.5,0,12.4,0.5,1.79,Dropout,1286,5
Daytime,135.0,123.0,Yes,No,No,Yes,Female,Yes,18,No,0,8,8,7,13.381428571428572,0,0,8,8,7,13.381428571428572,0,10.8,1.4,1.74,Graduate,0452,3
Evening,133.1,118.0,No,No,No,Yes,Female,Yes,20,No,0,6,6,6,11.666666666666666,0,0,6,12,5,14.0,0,10.8,1.4,1.74,Graduate,3643,5
Daytime,120.0,115.0,No,No,No,Yes,Male,No,22,No,0,6,12,0,0.0,0,0,6,10,0,0.0,0,16.2,0.3,-0.92,Dropout,3358,6
Daytime,133.0,130.2,Yes,No,No,Yes,Male,Yes,19,No,0,7,7,7,13.7,0,0,8,9,8,14.022222222222222,0,16.2,0.3,-0.92,Graduate,1693,6
Daytime,135.0,137.1,Yes,No,No,Yes,Female,No,18,No,0,6,8,6,12.0,0,0,6,8,5,14.8,0,12.4,0.5,1.79,Graduate,0992,6
Daytime,141.0,131.9,Yes,No,No,Yes,Female,Yes,18,No,0,7,7,7,15.101428571428572,0,0,8,8,8,16.09375,0,11.1,0.6,2.02,Graduate,3622,6
Daytime,132.0,133.1,Yes,No,No,Yes,Female,Yes,19,No,0,6,8,5,12.2,0,0,6,7,6,11.5,0,9.4,-0.8,-3.12,Graduate,3065,5
Daytime,123.0,117.4,Yes,No,No,Yes,Female,Yes,18,No,0,5,7,5,12.0,0,0,5,10,5,11.4,0,8.9,1.4,3.51,Graduate,3363,3
Daytime,100.0,120.0,No,No,No,Yes,Female,No,47,No,1,7,16,6,12.514285714285716,0,0,7,15,4,11.75,0,12.7,3.7,-1.7,Dropout,1624,6
Daytime,133.1,118.9,No,No,No,Yes,Female,No,30,No,0,7,0,0,0.0,0,0,8,0,0,0.0,0,13.9,-0.3,0.79,Dropout,3269,6
Daytime,130.0,135.6,Yes,No,No,Yes,Female,Yes,19,No,0,6,9,5,12.0,0,0,6,10,2,11.333333333333334,0,8.9,1.4,3.51,Dropout,0295,6
Daytime,120.0,130.0,Yes,No,No,Yes,Male,No,37,No,0,0,0,0,0.0,0,0,0,0,0,0.0,0,7.6,2.6,0.32,Dropout,2204,6
Daytime,105.0,129.7,Yes,No,No,Yes,Female,Yes,20,No,0,6,6,6,12.333333333333334,0,0,6,6,6,10.666666666666666,0,9.4,-0.8,-3.12,Graduate,0617,5
Daytime,132.0,138.0,No,No,No,Yes,Male,Yes,18,No,0,6,6,6,13.666666666666666,0,0,6,6,6,12.0,0,12.4,0.5,1.79,Graduate,4271,6
Daytime,121.0,115.1,Yes,No,No,Yes,Female,No,19,No,0,6,10,6,10.833333333333334,0,0,6,7,6,12.142857142857142,0,11.1,0.6,2.02,Graduate,0786,6
Daytime,145.0,139.8,Yes,No,No,Yes,Female,No,20,No,0,5,6,5,14.8,1,0,5,6,5,14.0,0,12.7,3.7,-1.7,Graduate,4184,6
Daytime,110.0,112.5,Yes,No,No,Yes,Female,No,20,No,8,10,14,9,12.333333333333334,0,3,7,10,7,11.77777777777778,0,7.6,2.6,0.32,Graduate,3815,6
Daytime,125.0,125.4,Yes,No,No,Yes,Male,No,19,No,0,5,6,3,13.333333333333334,0,0,5,5,1,11.0,0,7.6,2.6,0.32,Dropout,0956,3
Evening,133.1,120.0,No,No,No,Yes,Male,No,39,No,0,5,9,0,0.0,0,0,5,5,1,10.0,0,12.7,3.7,-1.7,Dropout,3493,6
Daytime,136.0,100.0,No,No,No,Yes,Female,No,18,No,0,7,8,7,13.6125,0,0,8,8,8,14.575,0,13.9,-0.3,0.79,Graduate,2898,6
Daytime,133.1,97.0,No,No,Yes,No,Male,No,36,No,0,5,10,0,0.0,0,0,5,5,0,0.0,0,15.5,2.8,-4.06,Dropout,1358,6
Daytime,121.0,113.0,Yes,No,No,Yes,Male,No,19,No,0,6,6,6,13.833333333333334,0,0,6,6,6,13.666666666666666,0,11.1,0.6,2.02,Graduate,3850,4
Daytime,125.0,131.7,Yes,No,No,Yes,Male,No,20,No,3,6,6,4,12.75,0,3,9,12,3,12.666666666666666,0,12.4,0.5,1.79,Dropout,2469,6
Daytime,126.0,129.5,Yes,No,Yes,No,Female,No,18,No,0,6,9,5,12.2,0,0,6,9,4,11.75,0,10.8,1.4,1.74,Dropout,0667,5
Daytime,126.0,124.3,No,No,No,Yes,Female,Yes,19,No,0,6,8,6,11.166666666666666,0,0,6,7,4,13.4,0,16.2,0.3,-0.92,Graduate,1484,6
Daytime,120.0,113.4,No,No,No,Yes,Male,No,22,No,0,5,9,3,13.0,0,0,5,9,3,11.666666666666666,0,12.7,3.7,-1.7,Dropout,3553,6
Daytime,117.0,121.6,Yes,No,No,Yes,Female,No,22,No,6,12,12,12,12.916666666666666,0,4,11,16,11,14.5,0,8.9,1.4,3.51,Graduate,1647,5
Daytime,152.0,154.1,No,No,Yes,Yes,Female,Yes,18,No,0,6,6,6,13.333333333333334,0,0,6,7,6,12.571428571428571,0,12.7,3.7,-1.7,Graduate,1144,6
Daytime,149.0,156.1,Yes,No,No,No,Male,No,29,No,0,6,6,0,0.0,0,0,6,8,0,0.0,0,15.5,2.8,-4.06,Dropout,0746,6
Daytime,116.0,127.6,Yes,No,No,Yes,Female,Yes,19,No,0,6,7,6,13.857142857142858,0,0,6,7,6,13.142857142857142,0,13.9,-0.3,0.79,Dropout,1945,5
Daytime,160.0,160.0,Yes,No,No,No,Female,No,20,No,0,6,10,6,13.375,0,0,6,10,6,13.0,0,16.2,0.3,-0.92,Graduate,3777,6
Daytime,110.0,100.0,No,No,No,Yes,Male,No,40,No,0,2,4,1,16.0,0,0,4,5,4,15.5,0,13.9,-0.3,0.79,Graduate,0974,6
Daytime,110.0,110.0,No,No,No,Yes,Female,Yes,20,No,2,6,9,6,12.125,0,2,6,7,6,13.571428571428571,0,11.1,0.6,2.02,Graduate,0593,6
Daytime,133.1,100.5,No,No,No,Yes,Female,No,39,No,0,3,7,1,14.0,0,0,2,4,0,0.0,0,11.1,0.6,2.02,Dropout,2847,5
Daytime,130.0,120.0,Yes,No,No,Yes,Female,No,34,No,0,6,7,5,12.4,0,0,6,8,5,12.8,0,9.4,-0.8,-3.12,Graduate,3899,6
Evening,140.0,135.8,Yes,No,No,Yes,Male,No,25,No,14,15,16,15,10.8,0,13,14,14,14,11.357142857142858,0,9.4,-0.8,-3.12,Graduate,2418,6
Daytime,150.0,150.0,Yes,No,No,Yes,Female,No,34,No,1,5,6,1,11.0,0,0,5,5,0,0.0,0,12.7,3.7,-1.7,Dropout,0308,6
Evening,100.0,130.0,No,No,No,Yes,Male,No,40,No,1,5,6,4,10.25,0,3,8,18,5,11.2,5,15.5,2.8,-4.06,Dropout,2337,6
Daytime,130.0,130.0,No,No,No,Yes,Female,No,21,No,4,9,9,9,10.88888888888889,0,3,10,18,10,11.615384615384617,0,10.8,1.4,1.74,Graduate,2593,6
Daytime,127.0,121.4,Yes,No,No,Yes,Female,No,18,No,0,7,8,7,11.571428571428571,0,0,7,9,6,13.166666666666666,0,11.1,0.6,2.02,Dropout,0827,6
Daytime,133.1,118.0,No,No,Yes,Yes,Female,Yes,20,No,0,6,7,5,11.4,0,0,6,9,6,11.5,0,8.9,1.4,3.51,Graduate,1836,6
Daytime,127.0,120.0,Yes,No,No,Yes,Male,No,19,No,0,5,6,5,12.6,0,0,5,8,3,12.666666666666666,0,8.9,1.4,3.51,Graduate,3198,1
Daytime,130.0,135.0,No,No,No,Yes,Female,No,19,No,0,7,7,6,14.266666666666666,0,0,7,7,6,14.266666666666666,0,7.6,2.6,0.32,Graduate,2817,6
Daytime,110.0,110.2,No,No,No,Yes,Male,No,55,No,0,6,6,6,14.5,0,0,6,6,6,13.5,0,11.1,0.6,2.02,Graduate,2457,6
Daytime,130.0,131.8,No,No,No,Yes,Male,Yes,22,No,2,7,7,7,12.285714285714286,0,5,9,10,8,12.375,0,12.4,0.5,1.79,Graduate,3510,6
Daytime,158.0,153.5,Yes,No,No,Yes,Female,No,20,No,0,6,7,6,14.833333333333334,0,0,6,6,6,16.0,0,11.1,0.6,2.02,Graduate,1251,6
Daytime,126.0,120.4,Yes,No,No,Yes,Female,No,18,No,0,6,8,5,11.8,0,0,6,7,5,10.4,1,16.2,0.3,-0.92,Graduate,1041,3
Evening,140.0,128.5,No,No,No,Yes,Female,Yes,38,No,0,6,6,5,12.4,0,0,6,7,6,12.666666666666666,0,9.4,-0.8,-3.12,Graduate,2994,6
Daytime,130.0,120.9,Yes,No,Yes,Yes,Female,No,18,No,0,6,6,6,14.333333333333334,0,0,6,6,6,14.166666666666666,0,8.9,1.4,3.51,Graduate,2852,4
Daytime,140.0,126.6,No,No,No,Yes,Male,No,19,No,2,6,7,6,14.428571428571429,0,1,7,8,7,14.375,0,11.1,0.6,2.02,Graduate,0727,6
Evening,120.0,96.0,Yes,No,No,No,Male,No,38,No,0,5,5,0,0.0,0,0,5,5,0,0.0,0,8.9,1.4,3.51,Dropout,2664,6
Daytime,131.0,134.9,Yes,No,Yes,Yes,Female,No,20,No,0,0,0,0,0.0,0,0,0,0,0,0.0,0,16.2,0.3,-0.92,Dropout,1393,6
Daytime,127.0,120.7,No,No,Yes,No,Female,No,22,No,0,6,10,5,11.0,0,0,6,12,0,0.0,0,10.8,1.4,1.74,Dropout,0355,6
Daytime,133.1,111.8,Yes,No,No,Yes,Female,No,27,No,0,7,0,0,0.0,0,0,8,0,0,0.0,0,11.1,0.6,2.02,Dropout,3956,6
Daytime,137.0,126.3,Yes,No,No,Yes,Female,Yes,19,No,0,7,9,6,12.339999999999998,0,0,8,9,8,13.01875,0,11.1,0.6,2.02,Graduate,0619,5
Daytime,119.0,113.1,Yes,No,No,No,Male,No,22,No,0,5,5,0,0.0,0,0,5,5,0,0.0,0,15.5,2.8,-4.06,Dropout,0008,3
Daytime,133.1,130.0,No,No,No,No,Female,Yes,20,No,0,6,10,5,13.4,0,0,6,9,5,11.4,0,10.8,1.4,1.74,Graduate,4214,6
Daytime,160.0,144.3,No,No,No,Yes,Male,No,22,No,0,6,0,0,0.0,0,0,6,0,0,0.0,0,13.9,-0.3,0.79,Dropout,3819,6
Daytime,110.0,107.5,Yes,No,No,Yes,Female,Yes,18,No,0,6,11,4,12.25,0,0,6,10,4,11.0,0,12.7,3.7,-1.7,Dropout,3063,4
Daytime,135.0,145.9,No,No,No,Yes,Female,Yes,18,No,0,6,6,6,12.666666666666666,0,0,6,6,6,12.166666666666666,0,16.2,0.3,-0.92,Graduate,2596,6
Daytime,130.0,126.5,No,No,No,Yes,Male,No,26,No,0,6,7,6,12.428571428571429,0,0,6,6,6,12.833333333333334,0,7.6,2.6,0.32,Graduate,1811,6
Daytime,140.0,140.0,No,No,No,Yes,Female,No,25,No,0,8,8,7,14.805714285714286,0,0,8,8,7,14.805714285714286,0,10.8,1.4,1.74,Graduate,1958,6
Daytime,131.0,120.2,No,No,No,Yes,Female,No,19,No,0,5,10,5,13.285714285714286,0,0,5,8,5,13.0,0,12.7,3.7,-1.7,Graduate,4263,6
Daytime,119.0,118.3,No,No,No,Yes,Female,No,19,No,0,6,8,4,11.25,0,0,6,0,0,0.0,0,15.5,2.8,-4.06,Dropout,3098,3
Daytime,133.1,115.0,Yes,No,No,Yes,Female,No,19,No,0,6,6,6,12.833333333333334,0,0,6,6,6,12.666666666666666,0,16.2,0.3,-0.92,Graduate,1234,5
Daytime,132.0,127.1,No,No,No,No,Male,No,21,No,0,0,0,0,0.0,0,0,0,0,0,0.0,0,7.6,2.6,0.32,Dropout,2295,6
Daytime,158.0,155.2,No,No,No,Yes,Male,Yes,18,No,0,5,5,5,11.8,0,0,5,8,3,11.0,0,9.4,-0.8,-3.12,Graduate,1843,6
Daytime,132.0,126.1,No,No,No,Yes,Female,Yes,18,No,0,7,9,6,12.333333333333334,0,0,7,7,6,12.666666666666666,0,11.1,0.6,2.02,Graduate,2011,6
Daytime,131.0,127.9,No,No,No,Yes,Female,Yes,19,No,0,5,5,5,12.8,0,0,5,5,5,14.2,0,9.4,-0.8,-3.12,Graduate,0124,6
Evening,130.0,120.0,No,No,No,Yes,Female,No,27,No,0,5,12,5,10.6,0,0,5,10,5,11.0,0,9.4,-0.8,-3.12,Dropout,0055,6
Daytime,157.0,146.2,No,No,No,Yes,Male,No,18,No,0,6,6,6,16.0,0,0,6,6,6,13.666666666666666,0,12.4,0.5,1.79,Graduate,3181,6
Daytime,130.0,110.4,Yes,No,No,Yes,Male,No,25,No,13,15,15,13,10.76923076923077,0,11,14,15,12,11.833333333333334,0,7.6,2.6,0.32,Dropout,4303,1
Daytime,100.0,160.0,Yes,No,No,Yes,Female,Yes,24,No,0,8,15,6,12.415,0,0,8,15,6,12.415,0,10.8,1.4,1.74,Graduate,2725,6
Evening,138.0,134.5,Yes,No,No,Yes,Female,No,19,No,0,6,6,6,12.666666666666666,0,0,6,8,6,14.375,0,12.4,0.5,1.79,Graduate,0034,6
Daytime,110.0,113.2,Yes,No,No,Yes,Female,No,24,No,0,6,14,2,10.5,0,0,6,11,1,10.0,0,10.8,1.4,1.74,Dropout,2578,3
Daytime,139.0,120.8,No,No,No,Yes,Female,No,19,No,0,6,0,0,0.0,0,0,6,0,0,0.0,0,15.5,2.8,-4.06,Dropout,0830,6
Daytime,128.0,141.0,Yes,No,No,No,Female,No,20,No,0,6,10,4,12.0,0,0,6,15,3,10.666666666666666,0,7.6,2.6,0.32,Dropout,2104,5
Daytime,122.0,117.1,Yes,No,No,Yes,Female,Yes,18,No,0,7,7,7,14.572857142857142,0,0,8,9,8,14.955555555555556,0,12.4,0.5,1.79,Graduate,3006,3
Daytime,110.0,117.4,Yes,No,No,Yes,Female,No,20,No,0,6,7,6,13.833333333333334,0,0,6,6,6,12.833333333333334,0,11.1,0.6,2.02,Graduate,3410,2
Daytime,141.0,124.9,Yes,No,No,Yes,Female,No,19,No,0,6,10,6,12.0,0,0,6,12,4,11.0,0,12.7,3.7,-1.7,Graduate,3943,4
Evening,133.1,125.7,No,No,No,Yes,Female,No,26,No,0,5,9,2,12.0,0,0,5,9,3,11.0,0,10.8,1.4,1.74,Dropout,1236,6
Daytime,133.1,100.0,No,No,No,Yes,Male,No,36,No,0,5,0,0,0.0,0,0,5,0,0,0.0,0,16.2,0.3,-0.92,Dropout,2641,6
Daytime,160.0,155.7,Yes,No,No,Yes,Female,No,27,No,7,12,17,11,14.727272727272728,0,4,9,10,7,14.142857142857142,0,8.9,1.4,3.51,Graduate,1661,6
Daytime,133.1,178.0,Yes,No,No,Yes,Male,Yes,23,No,0,6,8,6,13.333333333333334,0,0,6,7,5,12.8,0,9.4,-0.8,-3.12,Graduate,2272,5
Daytime,160.0,161.0,Yes,No,No,Yes,Female,Yes,22,No,0,8,8,7,13.08,0,0,8,8,7,13.08,0,10.8,1.4,1.74,Graduate,0086,6
Daytime,138.0,124.7,Yes,No,No,Yes,Male,No,18,No,0,7,0,0,0.0,0,0,8,0,0,0.0,0,16.2,0.3,-0.92,Dropout,2192,1
Daytime,143.0,133.5,Yes,No,No,Yes,Female,Yes,18,No,0,8,8,7,12.114285714285714,0,0,8,8,7,12.114285714285714,0,12.7,3.7,-1.7,Graduate,1130,2
Daytime,136.0,129.5,Yes,No,No,Yes,Female,No,18,No,0,7,9,7,15.155555555555557,0,0,8,8,8,16.8,0,12.7,3.7,-1.7,Graduate,2113,5
Daytime,145.0,125.5,Yes,No,No,Yes,Female,Yes,18,No,0,8,8,8,13.76375,0,0,8,8,8,13.76375,0,9.4,-0.8,-3.12,Graduate,1323,2
Daytime,133.0,120.1,Yes,No,No,Yes,Female,Yes,19,No,0,7,9,6,12.428571428571429,0,0,8,8,8,14.0,0,13.9,-0.3,0.79,Graduate,3177,3
Daytime,120.0,120.0,No,No,Yes,No,Female,No,20,Yes,2,6,13,3,11.666666666666666,0,1,6,11,3,12.0,0,12.4,0.5,1.79,Dropout,0040,6
Daytime,143.0,133.8,Yes,No,No,Yes,Female,No,18,No,0,7,7,6,13.033333333333331,0,0,7,7,6,13.033333333333331,0,7.6,2.6,0.32,Graduate,1532,4
Daytime,146.0,144.6,No,No,No,Yes,Male,No,18,No,0,5,5,5,13.0,0,0,5,6,5,13.333333333333334,0,16.2,0.3,-0.92,Graduate,3207,6
Evening,133.1,142.7,No,No,Yes,Yes,Male,Yes,34,No,0,5,11,5,14.714285714285714,0,0,5,14,5,14.375,5,16.2,0.3,-0.92,Graduate,3858,6
Evening,150.0,123.0,No,No,No,Yes,Male,No,27,No,0,5,8,4,11.5,0,0,5,9,3,10.333333333333334,0,12.7,3.7,-1.7,Dropout,0744,6
Daytime,130.0,130.0,No,No,Yes,No,Male,No,25,Yes,0,5,6,0,0.0,0,0,5,5,0,0.0,0,15.5,2.8,-4.06,Dropout,1405,6
Daytime,143.0,152.1,Yes,No,Yes,Yes,Male,No,18,No,0,5,15,4,13.333333333333334,0,0,5,6,2,13.5,0,13.9,-0.3,0.79,Dropout,0696,6
Evening,150.0,112.5,No,No,No,Yes,Female,No,33,No,0,6,10,5,11.4,0,1,6,7,6,11.166666666666666,0,7.6,2.6,0.32,Graduate,4091,6
Daytime,136.0,126.3,Yes,No,No,Yes,Female,Yes,18,No,0,7,7,6,11.6,0,0,7,7,6,11.6,0,7.6,2.6,0.32,Graduate,0419,3
Daytime,144.0,136.0,Yes,No,No,Yes,Female,Yes,19,No,0,7,7,6,14.15,0,0,7,7,6,14.15,0,7.6,2.6,0.32,Graduate,2080,2
Daytime,120.0,115.1,Yes,No,No,Yes,Female,No,19,No,0,6,7,6,14.571428571428571,0,0,6,7,6,12.333333333333334,0,12.4,0.5,1.79,Graduate,1932,6
Daytime,148.0,137.0,Yes,No,No,Yes,Female,No,18,No,0,8,8,8,14.25,0,0,8,8,8,14.25,0,9.4,-0.8,-3.12,Graduate,0829,3
Evening,136.0,132.5,No,No,Yes,Yes,Female,Yes,22,No,1,6,7,4,12.75,0,1,6,8,5,13.0,0,13.9,-0.3,0.79,Graduate,1670,6
Daytime,113.0,112.3,No,No,No,Yes,Female,Yes,20,No,0,7,7,7,12.142857142857142,0,0,7,7,7,12.857142857142858,0,11.1,0.6,2.02,Graduate,3378,6
Daytime,157.0,142.3,No,No,No,Yes,Female,No,18,No,0,5,7,4,12.75,0,0,5,6,4,12.75,0,7.6,2.6,0.32,Graduate,3635,5
Daytime,122.0,126.6,Yes,No,No,Yes,Female,No,18,No,0,6,6,6,12.833333333333334,0,0,6,6,6,13.833333333333334,0,8.9,1.4,3.51,Graduate,3039,6
Evening,110.0,114.6,Yes,No,No,Yes,Female,No,46,No,0,5,5,0,0.0,0,0,5,5,0,0.0,0,7.6,2.6,0.32,Dropout,2837,6
